0.1842258564115984,0.68358294695935,0.5453176802294655,91,30,-43,94,61,37,44,23
0.025771503453093314,0.489945744242935,0.4387090358165814,-4,52,-65,90,82,25,75,52
0.8132487006955029,0.7975224902609153,0.21999758759762644,69,20,-85,72,54,9,68,83
0.9993949353927741,0.8721072771090186,0.8707719275803413,30,79,22,8,5,86,82,59
0.7941530452863816,0.6298180970058165,0.7857057084356565,65,100,5,40,32,87,21,50
0.9513300317698704,0.019521572826583067,0.45375972496491046,-4,79,-54,49,53,21,67,43
0.8975634882656381,0.2113867280962578,0.17311430557810437,52,81,-57,63,39,26,100,53
0.21531516644139326,0.15005541484228635,0.7914562008951398,-2,39,-62,76,55,65,56,36
0.9846867460830372,0.7292339029604883,0.5042747647219061,-22,63,-30,84,76,18,87,49
0.8040862319319775,0.46608332812623354,0.9016980501239447,50,60,-18,59,1,0,16,3
0.38957125257094627,0.35789528861730724,0.5505912207345125,53,8,-77,14,4,30,1,7
0.6487471246195601,0.6502217698955757,0.026617123238859453,17,63,-1,36,51,92,11,88
0.25824026770975506,0.04979653511090176,0.07377888433356194,70,77,31,2,34,87,69,2
0.4421067042934168,0.4447170567870793,0.9928164203327284,-8,55,7,59,28,34,61,73
0.18518656007365286,0.9917065132143105,0.11371595576296467,9,93,33,45,20,62,98,100
0.6879652892547019,0.01724817872724327,0.41765070668990467,24,63,-42,69,83,75,37,65
0.7996805458771804,0.038673492356240624,0.11823157211464874,77,39,-84,73,82,31,62,15
0.6655921933137481,0.4760298966394584,0.39067563122203686,-35,25,-55,99,59,41,64,90
0.19092324980409936,0.9091752905817115,0.8968574860031666,-2,87,6,96,79,83,60,19
0.8673434108838536,0.6705365185405678,0.009845406891853203,9,98,50,81,13,64,61,16
0.9577131499097942,0.7817580157337186,0.9416698490426448,49,81,-68,25,26,55,70,3
0.8294924752190542,0.7846310522990252,0.08691599161068042,97,53,-79,57,33,81,82,25
0.021110139204211675,0.7951495026988684,0.6937880756751156,-6,54,-42,49,57,1,22,60
0.18993607684483316,0.3538327525125431,0.9169751992363647,81,71,-52,12,11,98,84,93
0.28750205307101084,0.83910922951918,0.6978417287000493,10,65,14,33,73,94,84,72
0.8115258818088289,0.8927101272377421,0.24442401544957637,23,18,-67,82,58,8,96,28
0.4092267990821511,0.8562774509245256,0.5034328335987924,19,54,-94,37,79,35,11,38
0.7596262370258527,0.5393646394908327,0.7615775960314679,-19,43,8,88,6,82,75,96
0.11444082846229553,0.894345702322641,0.9575735406794175,2,24,-92,50,89,63,92,39
0.04482561257078854,0.196443937724036,0.3939881312781355,16,15,49,1,44,17,54,81
0.9853425453201925,0.8575026767612811,0.451148065654299,-33,85,-62,8,13,36,32,23
0.6519540520013001,0.36450380212305156,0.36998810095607626,74,33,-11,91,22,8,48,16
0.2449379215059494,0.5992278320988904,0.4724324134611171,25,10,-94,83,33,81,52,25
0.7353931411281879,0.4332751081641685,0.42241890285929284,50,58,-37,33,29,33,49,19
0.15268476707481604,0.8495736783789034,0.626701204850943,-21,69,-69,5,36,51,37,99
0.6813937298386776,0.4492006902942156,0.7891175394767813,79,82,31,22,47,6,98,93
0.2254382765766879,0.9996621914482127,0.9045052268683137,-30,5,-42,88,0,77,49,54
0.6346639389399665,0.11464287555505137,0.3468121182274675,-33,93,-80,29,51,45,16,34
0.2235858577701615,0.35100659658620104,0.2105546255349957,15,45,-58,80,65,82,51,50
0.588380481344966,0.13571697889817558,0.21124223694173705,-35,42,-54,71,96,30,96,19
0.3948558448739583,0.5140855652395974,0.6563684644012093,31,80,-91,42,42,14,10,12
0.31318177831646044,0.8814893656623557,0.11888066948026188,91,5,-3,35,32,87,49,29
0.078577875583834,0.5097300682704523,0.6846994735267166,29,45,-68,0,97,7,61,91
0.2043154460925367,0.7941375917861878,0.6587258404840496,25,60,-14,65,20,74,20,23
0.9342189361513933,0.727097559624908,0.756264459471194,50,26,-44,11,95,69,21,6
0.7750229413705785,0.5155402701341889,0.3163057930252944,96,0,-33,70,66,47,35,61
0.6015194871723494,0.43453141253422256,0.3288899637034882,2,47,26,78,36,80,6,79
0.442708106379083,0.990380573603709,0.7921338398812613,84,4,-20,62,45,5,27,68
0.7740497324024476,0.09573129448453543,0.734296544859009,99,94,31,92,8,43,2,37
0.08323031023206218,0.6191685213947205,0.8624828066711112,70,65,-25,61,22,3,85,34
0.1607613720256874,0.09828740714811723,0.5760675803492694,73,53,-61,86,11,10,31,24
0.6691612073668523,0.1496809470462468,0.6095675004663261,25,16,43,42,71,55,14,75
0.5613762902119609,0.7281822048065392,0.4757054176953991,5,63,-94,62,45,79,55,48
0.4391621860696072,0.3970813315567785,0.3970942110785429,26,75,-88,48,88,56,81,24
0.7816434272342538,0.6574357150104333,0.33477280947347343,81,81,-88,16,14,86,39,35
0.43506589144084196,0.724969520988562,0.3425145042874177,12,72,-28,9,39,85,96,45
0.75689323540097,0.8229227991971396,0.19783474184651773,99,91,-69,57,76,95,27,93
0.8788778395976983,0.9211238349877857,0.826078284016241,94,11,-49,18,1,48,45,97
0.10901635588593939,0.19444982965235913,0.6459914352044653,62,93,-42,43,78,41,69,87
0.376340672823512,0.8188700260844473,0.3306816523178113,55,84,-71,14,70,72,27,2
0.11176259252293275,0.962127295632782,0.3796851096394903,53,52,-43,70,31,39,65,48
0.07786988007181306,0.9907983650968618,0.43669356560665284,63,20,-65,54,27,86,92,78
0.7555249919365838,0.6895556992444477,0.06144931774016382,13,77,29,30,46,65,99,48
0.008554831116291295,0.5634281099600611,0.2588566966926532,76,93,-3,9,79,14,61,8
0.4952755161539606,0.6116826529196243,0.7101859884846938,-11,93,-6,58,59,60,41,21
0.4614859150072441,0.6104924677190675,0.8322178173360333,71,8,-96,44,27,14,8,98
0.24314552325241556,0.5051436828549238,0.5544853183105999,36,31,47,6,79,24,16,78
0.21691231573849135,0.5447991907263142,0.401246163624133,29,35,-54,71,58,5,15,94
0.8131952039661732,0.012325183198697243,0.10254489308005033,12,72,-74,93,8,34,91,99
0.8245446483383055,0.37925425535717894,0.31737234850519913,-19,68,-83,48,77,65,55,95
0.5621635307694209,0.062990529328113,0.5951807066843294,-21,75,22,3,46,26,75,41
0.2664916093793054,0.4507342666735691,0.19068567735928899,63,17,-55,91,93,87,70,16
0.7514353812831155,0.4137710031449411,0.21060419353128357,8,36,39,68,70,28,75,55
0.1582324216263038,0.1139515193287024,0.9230681859919465,60,12,3,73,25,68,54,30
0.9473878930080555,0.3665721647568999,0.5853309470040781,38,48,41,39,8,46,45,58
0.06715076222540206,0.14724536049880566,0.9706585908067438,77,8,17,24,6,0,55,67
0.8900498954390891,0.3632564691412943,0.13735378182119307,-6,36,-22,50,84,56,77,46
0.3874220802447774,0.5630999312955529,0.69247049446451,-31,29,15,7,0,95,73,86
0.44000850682059756,0.534273048052876,0.132985488868263,-4,36,-87,25,22,66,73,24
0.8174493512033284,0.15507236696804416,0.49162578503732024,55,27,45,96,13,47,32,73
0.9170820301631147,0.5344902200024647,0.4920002316486555,26,51,-48,26,96,78,79,60
0.08925538632552732,0.7337563971044955,0.9305746561035121,91,34,26,30,74,92,91,48
0.017565952769262982,0.41515355501140094,0.7133708450212725,48,5,-27,22,58,78,50,6
0.14863843521428943,0.012034356925392675,0.6675244468402417,100,29,14,0,17,81,93,17
0.253754405294765,0.08357388504132335,0.23917509151319738,39,36,-66,44,14,5,90,73
0.8367845334958416,0.26206677611557694,0.4116593198821029,-35,13,-25,39,53,59,40,79
0.6679599060977941,0.2826608943608325,0.2400753652089992,5,20,-3,63,14,16,86,95
0.7284886246625161,0.1806588684780046,0.6522564808076786,7,76,-63,69,0,14,1,33
0.5686957693240039,0.08356720902874504,0.5859002232312905,88,23,-86,51,51,36,95,78
0.5382170401294568,0.7952078890573625,0.5377846174908304,-33,34,-92,69,4,4,57,35
0.10100913821794599,0.9650619184596904,0.14820523845819966,64,60,8,78,32,88,59,14
0.3878815489200791,0.24911199582380328,0.663063968230231,54,50,-21,24,4,97,53,24
0.4580542384569882,0.2417540250606789,0.8290010941921726,-8,61,-64,98,65,8,48,68
0.21303671255936707,0.37167143554602844,0.40815605981266245,94,67,-17,44,54,76,61,100
0.5697987852744429,0.7676276313757325,0.2844447529402686,10,56,8,16,8,76,37,76
0.2723951719721541,0.4780619817265741,0.7119012573019451,92,96,50,13,35,52,80,54
0.9406144349627678,0.2286509491908475,0.7799086027167565,59,55,22,69,36,86,85,21
0.6176848389872147,0.6258406234669434,0.8935254554041739,-15,32,-74,25,99,94,91,66
0.0918644245446244,0.44148890294241416,0.24055748624339324,64,44,-14,93,82,72,81,68
0.7426793904388529,0.18845610503234778,0.0002758532272048031,-33,60,-15,21,36,29,61,48
0.8586395924415471,0.05995786612056864,0.9022097556942879,-35,27,19,74,75,16,88,11
0.8826273810651184,0.6199327897375526,0.011821434867924419,2,97,-60,17,82,49,36,14
0.9392688692540759,0.11824983806834455,0.10423561713154605,-28,55,-52,77,66,40,87,67
0.21103320263448322,0.7969621805505966,0.1546432177920699,45,82,-90,89,67,100,36,82
0.9694803984787301,0.16082604509387433,0.3381213839081574,91,91,-96,60,5,83,68,97
0.14949745102022605,0.13776399464955436,0.921736900475273,-9,48,29,69,5,23,25,2
0.6015778039308988,0.9447912630686922,0.1023995809869892,83,29,-58,86,49,60,6,54
0.10127501401632333,0.6909278568224119,0.10029127099172463,32,14,-59,35,71,7,48,30
0.3695380408536981,0.21151661654199094,0.037410934923112316,25,24,32,67,53,34,86,50
0.0928387279532239,0.025029703274996096,0.9782038022079297,60,10,-85,26,5,4,13,55
0.5239167279152365,0.17346267627671508,0.8097785975557864,25,2,-70,42,37,53,58,65
0.9589620941297771,0.265120628345341,0.707933779785861,76,18,-9,56,5,67,20,91
0.4704811980295943,0.3940269033411645,0.2330080978089233,56,98,-57,72,35,62,13,52
0.6303220033809787,0.33204545953711295,0.3875127569991851,84,4,20,23,61,5,30,85
0.31718171548083507,0.6806066339669323,0.48159762545343165,90,97,35,98,17,78,50,63
0.7221123492479484,0.770302794514423,0.8242938448400842,12,82,-86,63,57,37,39,1
0.19723615794430627,0.023743333341920803,0.3361092213203677,-6,75,-98,58,1,47,99,25
0.18898856556135146,0.1411919321196976,0.6754876808920376,3,25,-19,16,25,37,33,7
0.6314936098732727,0.054018259791359324,0.8812999618325763,-18,2,-17,12,73,60,57,51
0.1804915735232414,0.6812473194849503,0.2017053822155035,-31,18,9,50,37,2,26,19
0.7396681353763265,0.9153831167092381,0.27818965635673587,15,3,-80,13,9,1,6,51
0.9379567125910573,0.5558694700341718,0.602427553084462,48,100,30,10,4,8,24,94
0.6245595875809355,0.3689573161339401,0.5072190174239273,22,71,22,27,60,70,48,42
0.4015449780535968,0.33197097972827805,0.986386815975072,-27,42,-86,0,46,50,61,19
0.9475572802504773,0.829479017501423,0.15971701957366446,48,44,27,5,48,30,32,3
0.7230956414974756,0.995388991071439,0.3380740251246289,17,71,-34,31,64,48,79,42
0.4032041961944156,0.47777403928241435,0.6064912771359353,-8,11,28,80,13,84,6,99
0.6078198840841215,0.9813318329974092,0.4011818136974715,21,60,9,10,18,58,13,74
0.3402926500844856,0.8592501103369549,0.15083159126581358,-18,6,-51,27,76,37,76,16
0.2371692109239587,0.9386359379109496,0.02889222701274885,14,30,42,21,99,49,81,39
0.725057879533662,0.010992184306938269,0.7506626760583903,97,78,24,44,24,9,61,6
0.7436802499150013,0.893732035231521,0.8706370714380506,30,15,-40,48,20,85,17,25
0.4249821065600726,0.2194388715776071,0.9650149248173637,52,96,-20,58,68,39,89,98
0.6264486039619888,0.9463145642295778,0.11424549579520327,80,44,40,46,78,0,49,70
0.9734231676646168,0.7925503871391872,0.19620270319346556,95,97,-15,80,25,95,50,61
0.7517833807668426,0.5702798868643553,0.3933706352969013,32,34,-28,73,92,25,87,54
0.178560906830743,0.7643717538902302,0.6098584945640462,46,23,39,28,14,52,47,76
0.5613041359332099,0.49794074610437666,0.8610331582352677,25,49,27,54,68,84,69,34
0.25094616957621285,0.35932199323579217,0.830539339887242,4,94,-47,45,29,8,23,43
0.19997545929245997,0.3217630546936098,0.573960133118613,-8,31,27,99,62,85,9,38
0.9941878732582409,0.026477037474965992,0.6202186999135713,10,48,-99,32,90,15,61,9
0.35533502104128833,0.4888109580065011,0.13147491792205912,64,4,-91,54,32,89,25,95
0.03788423832183929,0.5750384719824889,0.18064917047502416,-7,84,16,88,47,67,57,62
0.553746912837273,0.8826717720312022,0.5445289002983682,13,38,-43,48,83,95,15,82
0.924413050886253,0.5700351064392891,0.4301127847412214,-26,11,-95,68,39,90,44,4
0.9867085643319098,0.46001264552292653,0.42420008500706896,57,12,31,49,76,70,9,76
0.2355298667251573,0.5306044839019571,0.1629774951240034,-9,21,-5,65,97,89,77,89
0.7859288375042689,0.7313991154479805,0.8664904536675245,24,36,36,19,55,84,11,78
0.689803925494347,0.04007144328428247,0.8727457650532388,86,41,-48,80,22,71,32,94
0.0031887351141447473,0.6430498543147393,0.40601476167145556,-5,64,29,87,61,46,79,46
0.9078993576779915,0.23864851364972994,0.5572338059273109,90,51,-51,64,63,49,52,15
0.10891293423538928,0.301097255341496,0.7454931579151768,57,13,32,5,52,91,45,44
0.04450122609357221,0.6660004541689045,0.7763303712004557,8,1,-37,93,72,53,79,21
0.27900959064941155,0.6901229622263184,0.7069449149422559,18,88,26,12,21,56,55,79
0.6368694973641256,0.2407417821414729,0.1672772530840324,49,56,-37,21,88,22,70,85
0.3908240000276353,0.15302811306225728,0.2732943281680602,-26,95,30,59,42,16,42,22
0.256886713871205,0.9101082242327359,0.6108127187562151,38,63,-83,67,38,25,29,4
0.4817658128790938,0.30974750389016426,0.5499183308920574,35,3,-69,12,32,75,3,28
0.48687543891105944,0.9599401766696375,0.278294910287357,-16,82,-38,27,96,96,34,12
0.884150896725928,0.7293782832532398,0.09124505008992712,-29,16,-61,93,72,24,91,48
0.5799206687639947,0.6723057344063013,0.3846999096865794,76,7,8,39,39,31,1,53
0.28822636354205267,0.48039380954529387,0.14961651792270658,73,29,-24,63,81,9,59,47
0.05478564623603377,0.3232013662315356,0.26172433295545994,-30,71,13,65,61,10,93,34
0.6314144757198595,0.49979837954211936,0.8803307575977918,32,54,-84,36,24,92,14,97
0.6792371010906953,0.4756763406153044,0.21479447180518474,25,14,-24,64,100,78,49,10
0.2538004980811994,0.35882916181676916,0.7552931629110782,47,70,-56,37,47,26,31,82
0.6934889239527076,0.9592835701705089,0.3925914673786576,-5,47,11,9,21,44,3,3
0.9845364521301242,0.6205287521544071,0.661193941650192,35,7,48,19,35,68,47,15
0.3559622456435878,0.20290185827732277,0.28968292734149503,19,74,-14,82,39,29,18,71
0.7022705718474214,0.2201544031727608,0.9195521325676225,68,1,-37,12,11,25,33,98
0.3573733852431201,0.48857823795788824,0.8832422100080657,18,46,32,77,76,72,14,27
0.2065503262998153,0.18505539339872334,0.5312543112631597,-29,63,28,17,38,33,20,65
0.6067339854350323,0.07576284124494093,0.23927784576267486,-14,12,42,99,97,52,18,57
0.546316021802302,0.4099311734868074,0.2892082982043843,-13,14,-51,30,9,61,87,69
0.9073229555247562,0.6109282472321215,0.38376132701473475,9,42,-47,40,13,56,95,12
0.35984841895202047,0.4140214811419505,0.5485773532023068,55,41,-97,1,62,58,25,5
0.6180629853157305,0.7043280499766081,0.33160033839823333,48,22,-37,20,53,75,9,53
0.3091291820645472,0.1579463276493348,0.7926091201073987,-9,6,-20,71,65,35,55,16
0.4202289880295067,0.031150556222410475,0.3442150052942571,49,83,-28,7,55,77,47,32
0.8531095484192691,0.9237404996466684,0.5498476065493133,80,20,43,62,79,50,55,82
0.9620255843273423,0.3548943679855586,0.5341156068762694,83,72,-72,74,43,100,4,67
0.3882359815490165,0.5784482187009532,0.5131473277449087,60,69,-6,54,36,39,17,73
0.10082265680364222,0.9850801894993306,0.39525302827952347,81,40,-27,73,90,98,82,99
0.1898035211739849,0.43193753921537126,0.9839981410350275,13,17,7,44,44,26,75,35
0.6628818445505688,0.9436151334483284,0.2904642571091435,74,28,42,96,15,29,52,26
0.451146152965231,0.3677518932040368,0.3832594845074446,34,65,41,38,54,33,30,84
0.660653970674792,0.42805911917848727,0.7368596346260319,-17,37,-65,51,6,28,76,2
0.7222504167452292,0.8578100159575163,0.7588889329127363,-31,90,11,17,11,13,36,17
0.3653600281300159,0.002732047903917345,0.46056481284875717,57,41,-63,40,62,44,70,53
0.818190588730237,0.15949568981544526,0.6987411127071802,40,29,28,81,25,8,64,1
0.5858049689391092,0.241104148170889,0.25003788261743287,33,49,-11,7,91,52,7,99
0.7003578621570201,0.38314843739807924,0.7628817748195785,1,4,50,66,14,95,78,60
0.5022877900291847,0.2557746560112829,0.6472351593858215,53,22,-27,18,41,59,98,54
0.7769444028064647,0.7217776463387776,0.3854787650153919,86,56,-97,48,95,37,6,58
0.4708374131055919,0.5908684268371026,0.9860846642101718,39,21,-64,56,91,65,33,2
0.04980572301930741,0.8721009461755548,0.35314451517820344,18,35,-27,58,81,95,83,38
0.2791536890542696,0.9604445510469072,0.646644996439247,-10,49,31,34,12,70,33,74
0.5868037042352287,0.24273860657019564,0.5877666869003038,93,78,-27,34,26,86,76,33
0.9413159998092124,0.08418532279256019,0.7581298959946356,12,32,-36,47,42,20,18,90
0.33752166008402806,0.6918621417987524,0.2793665421580903,44,55,-26,12,41,69,38,54
0.816096005644862,0.9386924307105303,0.8184886920609461,69,46,0,77,4,50,49,29
0.41851427035341504,0.7299893858999984,0.24915796209316787,35,13,-34,96,35,71,14,70
0.42803938098078764,0.33788209497198063,0.7678483603785035,75,40,-39,77,63,25,36,59
0.8829690588154256,0.17772171369495116,0.2577080461603677,80,0,-74,73,6,33,99,82
0.9544696882407459,0.8476083815531924,0.7320765677216491,-4,65,-84,66,70,44,36,40
0.6144893970672103,0.4959180762065283,0.39294116641021537,69,95,-73,5,81,31,4,85
0.14433463963206183,0.3120419044486821,0.3001537980981773,52,54,-19,11,68,93,30,22
0.44518158938567964,0.688874525445211,0.7571858358249427,-14,80,-25,2,36,15,11,39
0.7913251229290029,0.318596922169712,0.30439055295786244,-25,85,-14,55,74,11,42,3
0.8917448855998997,0.4364290509958645,0.9647573845041192,31,88,-16,22,81,60,90,70
0.9445639857906538,0.09360676341083851,0.4987902928712873,35,23,-17,70,78,6,61,52
0.5238305825694105,0.3092179179049913,0.1514561973182672,24,27,-3,24,22,86,17,1
0.20013890259980915,0.569386222932183,0.04370866082433511,8,9,28,38,93,90,90,75
0.21157782717803242,0.5452325916633128,0.9369341906381949,68,99,12,44,68,72,48,38
0.8986284975875543,0.5758337421221869,0.6187335889407726,52,50,-39,93,74,78,22,26
0.8516635558923108,0.8850623667148956,0.7406628013883211,9,11,-62,34,43,29,80,100
0.7523477908529481,0.7502187433768934,0.5689346162029731,-31,91,0,68,73,52,60,19
0.7798408631750525,0.9716804634691694,0.5668147050231129,-3,14,-57,15,59,51,10,33
0.25378484036003146,0.42009641426991984,0.9838903586855355,-3,66,-92,35,57,98,58,75
0.36023451880300483,0.33044876098792,0.7137433132759189,-27,79,35,100,47,68,34,9
0.9877430248618464,0.37998762561795185,0.051235934451108744,69,7,46,40,42,44,66,64
0.23943456539293906,0.48091710689570266,0.2325011040204613,-7,68,4,6,0,40,13,41
0.4355420904658397,0.7225878161508955,0.3972077841724908,62,26,37,40,6,32,57,17
0.25100802490341523,0.5744144543738318,0.44705866008198325,17,69,24,67,43,76,90,35
0.23753788225552297,0.8298069454666599,0.26442521368167715,-35,0,5,72,47,35,96,6
0.4979852285559161,0.484582805204523,0.7613358880493316,46,58,-87,44,53,77,89,80
0.5859864117963682,0.9008873530590384,0.6070467851187148,73,18,-99,98,88,33,84,46
0.18861254027677687,0.6714814486719329,0.6843842295866385,85,80,-65,66,76,55,93,58
0.9026801424000632,0.6382134753593542,0.0072581725957970855,0,31,-38,8,98,60,44,98
0.028441951929568443,0.35878427518121536,0.5856400582022703,26,96,-3,61,81,54,57,14
0.12035673007716263,0.7436707229654292,0.8023122085161071,22,92,-94,23,28,7,99,82
0.1374342536473807,0.5349356113777005,0.24769527726442542,-18,45,-100,85,87,4,72,62
0.19182264598789323,0.9844322319063445,0.0060743338164949146,11,20,-89,60,40,84,7,73
0.136139735178473,0.6564101543014974,0.0012605500649164325,12,84,33,21,5,72,41,89
0.807367907043797,0.150442159420746,0.4331054267021731,52,7,50,80,30,33,18,10
0.25111912949138504,0.4081619885639556,0.8648707579099207,-35,87,18,24,30,41,38,31
0.7165253698534814,0.6093196009531219,0.09970566847244855,41,34,43,47,23,15,90,68
0.5074913123642368,0.6175566564401545,0.4812442489423633,2,18,13,70,25,12,61,8
0.8385588688464467,0.8548057806059427,0.6854124845214954,53,31,-46,70,72,68,54,83
0.20798856372185537,0.23659154329386478,0.3680029728361146,-11,19,33,96,25,50,39,94
0.4158990923642526,0.9660906276261131,0.11484104976925202,90,24,-46,14,32,58,88,35
0.9845674803448288,0.76349566161407,0.07951280508538727,82,44,35,22,8,2,93,23
0.445059452219591,0.3724422328880326,0.6612013026655927,90,61,-22,89,16,26,85,60
0.8776514271637698,0.25014537363210854,0.6035232271653912,84,37,-72,64,72,30,30,23
0.3610869872272775,0.06877599538179235,0.9156894503958563,55,100,-79,23,70,12,33,53
0.48565352754617275,0.027468998879826678,0.7168048800558215,-8,66,-9,65,17,43,97,27
0.13375953312088862,0.8093588067848447,0.6758400903009959,94,54,-39,1,2,75,95,54
0.7663176663131578,0.63832004915963,0.6237272408448578,72,23,41,55,30,8,75,71
0.9945594511733091,0.5226438939597643,0.8511830684383105,19,18,-15,53,1,42,42,6
0.2905088748416417,0.7372238777640543,0.705663167526451,83,24,-37,92,13,29,75,99
0.3031225131535694,0.6143317013066016,0.09154545171979855,73,98,-2,98,43,7,98,48
0.2711795536112125,0.12077957111831994,0.7017808528029715,15,0,-25,90,42,17,56,56
0.6730053694682101,0.20030434284993415,0.010721094186457725,29,28,-59,7,13,30,69,31
0.2557017648117621,0.6857978837269602,0.31216193621897337,-19,61,-15,34,84,27,12,64
0.3951538266304885,0.5463007567809307,0.07452815189062623,80,39,42,83,45,38,47,85
0.6149081914271156,0.842198275505206,0.12809339418274723,95,88,36,52,96,32,4,22
0.7135841738718727,0.5012632504644499,0.23866174789064065,38,4,-81,23,86,15,47,41
0.4836484342265296,0.317287987865873,0.8429880969635799,11,8,-17,28,90,82,0,94
0.31902815834638487,0.5074542995790662,0.6624863250332516,33,67,-89,54,83,36,19,97
0.8602338713719092,0.6385007866910462,0.9887685052712213,94,47,-35,50,88,76,47,67
0.554024086031255,0.6700752357483195,0.3327633135709689,88,73,-15,99,30,37,6,77
0.040321197848013024,0.2899546828439359,0.31956473551750897,-29,3,-36,67,29,19,70,79
0.9020740749480065,0.3329326517543231,0.3931713253015745,97,39,-42,38,25,87,85,42
0.13153370010382515,0.7741700425267046,0.8836317243727562,-32,41,25,89,81,60,93,9
0.7637036596865986,0.22447202122106658,0.6098412857531029,73,89,27,61,26,4,74,88
0.21727916135989622,0.03471653920762929,0.00744321841909279,-11,21,-8,86,28,100,68,64
0.22105433354884585,0.34455933595613875,0.05926174888911051,44,81,-63,9,96,89,84,53
0.9222695761676092,0.19806991254814432,0.9749030109364113,-35,64,40,74,93,72,7,66
0.6722349106410663,0.6255798137870252,0.47338809591944253,50,61,16,93,6,88,72,61
0.4466929185434675,0.27070937413815455,0.8078848584875521,26,37,38,95,91,99,31,76
0.18036284579681816,0.8032015150280976,0.04004365522287656,92,24,-99,64,38,32,38,42
0.17666240158120627,0.4440758195859442,0.7940049284136232,-8,36,-29,82,84,29,61,60
0.0058613750461214975,0.8470164521089525,0.0338341217464162,12,64,-81,79,62,17,52,33
0.34520102537677255,0.7447339946014239,0.7866715665454654,74,42,13,61,36,58,56,46
0.1708637576034543,0.8102577540636128,0.2402484392290154,9,60,1,44,8,68,95,27
0.7025809614420331,0.18621255813348214,0.23258277697610497,-28,47,32,19,22,46,84,55
0.529918634203719,0.8816472590585968,0.593615133054391,5,17,38,19,38,68,28,69
0.07820879634092015,0.9176116324517112,0.02537174128488273,74,78,-12,18,45,66,75,40
0.41082112243098023,0.9442810852952198,0.6989681324393782,74,60,-86,28,9,32,32,31
0.7961612219859109,0.0015606399689525041,0.32974882716430465,-17,15,-47,99,53,13,65,76
0.05172121664503304,0.9512032153531235,0.9930802436876882,47,25,14,51,46,65,49,12
0.1441056970696657,0.729595774750811,0.8145943727357102,-18,29,-74,44,21,56,91,54
0.41491874327654854,0.16686855110624588,0.10227399787134728,24,34,-19,100,51,49,38,49
0.3453206192395454,0.3537245996947115,0.09986871582585577,55,53,-35,35,67,57,18,0
0.3638869067688604,0.8358232170069309,0.7390663062959624,45,43,48,26,30,54,58,6
0.7643715877968692,0.7295192263254885,0.32286621713745045,-35,5,-47,63,94,9,96,36
0.7232686486081914,0.12106716131375117,0.31506523766440075,-24,76,-93,62,26,95,47,64
0.960338151902664,0.7520744772371225,0.21977052868614522,-9,72,-19,51,95,87,80,39
0.07617209393720759,0.29346471786456185,0.2301639069349477,-18,83,46,16,63,20,23,21
0.20347163335167806,0.9176980070777018,0.04781676578199556,7,50,-78,66,33,91,66,44
0.011910475613377214,0.7529817683583658,0.5806391694079807,31,65,-92,72,54,89,80,97
0.8659411656590411,0.3484996037176874,0.36258946185052165,-25,14,-31,61,40,11,90,9
0.42090233487440765,0.010985539675852696,0.7473899448970229,-35,99,-8,76,75,34,19,73
0.04659757170673584,0.8699294434599878,0.49732066318483426,-3,96,1,71,46,7,52,57
0.6290651342635976,0.6552999681836277,0.09236835297757917,94,61,-45,98,70,3,64,44
0.8999940645152094,0.8660843018350345,0.8979539841149887,-33,59,6,73,77,50,94,43
0.9314156022394554,0.9571294415447773,0.2940253930210953,28,17,-72,46,16,92,45,99
0.4984071612343771,0.30571185808520174,0.22659239782675167,3,37,-89,10,97,37,52,96
0.09106060784957226,0.983615658506724,0.5280406684107473,0,0,4,95,56,96,71,7
0.2910049207340708,0.8005822312421269,0.7311364137436204,1,28,-83,93,14,34,18,91
0.49407247446834124,0.5190780761798208,0.387322834871885,81,48,38,44,77,19,49,45
0.8900969540336231,0.7163872760199946,0.9655668306226816,71,69,40,24,90,74,99,90
0.5608735340667326,0.6491503855240613,0.18422722568958294,7,62,-61,5,80,87,92,51
0.25858154664854616,0.3531116126499918,0.5294266274298458,-17,66,-8,51,87,76,58,45
0.21178272625596573,0.44399638824235643,0.0575440832082007,6,93,12,45,11,100,59,36
0.8625798814205415,0.5587289950228015,0.14411658867388244,-12,14,-51,43,31,22,41,6
0.4116405505678318,0.7088490333565269,0.30513771196285033,30,65,18,87,2,8,7,83
0.3597685281737478,0.8775782379780404,0.07394456568484842,75,94,-100,61,1,9,21,80
0.30492124674564425,0.40018217869832795,0.426058505589738,-20,100,-18,42,93,28,84,93
0.5569591581362637,0.08939574651670934,0.9887772508164461,-15,15,-68,93,86,9,21,68
0.9476662196747293,0.3468988631686647,0.682391183185732,-4,23,40,30,27,78,1,77
0.3748501605741361,0.09095496814053661,0.5174621877408402,12,39,18,48,21,82,71,39
0.9875357317538783,0.8040310520439744,0.5473475979261768,63,88,-66,82,37,91,16,55
0.16444149067188263,0.981179913616464,0.15772610853401137,53,27,-83,51,39,79,96,40
0.6715965618493672,0.4430987227595724,0.0731156040995743,-14,74,-3,56,94,23,81,59
0.15577638183090126,0.4882646475784216,0.6091523627219626,35,87,-3,2,72,42,6,59
0.6558844522703596,0.15907491670096963,0.8033517394257789,-15,89,1,23,41,76,61,47
0.4570645108294874,0.8253566837601314,0.3784454823022537,53,25,30,34,32,20,16,53
0.3935336801316367,0.5452578058383311,0.1483358406877393,66,36,17,53,59,54,93,46
0.6684677104221347,0.9093549456101504,0.03825104816545899,99,8,-100,62,30,85,0,34
0.1270056210370104,0.4915290712467689,0.9691607317194227,64,96,-80,30,93,53,60,56
0.02455754289850476,0.46772565638664276,0.6486676570208008,21,26,-83,21,51,91,5,42
0.6508716752647344,0.6245520422015695,0.9398610650647519,69,67,-35,72,19,54,1,6
0.06467155471328156,0.0046223881939374545,0.6310266826820489,78,97,-25,75,55,35,85,3
0.9386679958283678,0.7463378813818483,0.11358862149000515,65,26,44,40,28,33,29,12
0.9610047123844212,0.669669856339711,0.43258545320918795,12,6,-93,32,44,29,23,14
0.7716928045159671,0.5441659098312371,0.5056744842063173,46,83,-22,22,58,76,49,90
0.7844049903596861,0.124212702517154,0.10693995646098353,35,74,-20,67,4,96,35,5
0.5328141696331501,0.044015300693502235,0.8107485607122339,54,30,4,16,36,60,38,20
0.6097308618979639,0.12650666084929485,0.47906606311510747,87,71,23,60,51,17,18,34
0.0798503214273023,0.5700240945525753,0.36967137362147007,60,98,-7,80,74,64,44,18
0.12557026839230467,0.5370798655700353,0.6803705374128941,-11,2,28,43,52,61,9,13
0.3802011937077091,0.7556570635487271,0.6334902563779143,59,99,-63,83,30,98,83,22
0.5175597768915192,0.6407849969641876,0.7112221326460426,-29,12,-78,96,36,67,84,98
0.004300034604928449,0.5910454152094236,0.4358178048216721,43,32,20,42,69,59,14,1
0.4639965450772584,0.9809069238545431,0.8318087396444833,10,55,-86,30,73,20,17,44
0.5213733364116424,0.7631386743165156,0.5495042133200109,19,62,-94,81,89,98,26,36
0.402422872021576,0.6353438197053506,0.5263249521966683,-2,92,-11,95,98,57,62,83
0.5308380765783866,0.26597728067431137,0.034954554752192224,50,97,-84,70,85,26,46,90
0.7169247279537355,0.7213181029658898,0.3257047624814279,55,24,-46,37,24,46,23,87
0.8230728377897627,0.46452782005031446,0.5488496123472649,5,12,7,60,72,80,17,84
0.35750826759092935,0.1865454551817447,0.40549389990240214,64,36,-99,49,80,40,7,100
0.7048027905756764,0.553763982147882,0.5635762095173447,90,27,-83,24,40,61,36,20
0.4041493078963604,0.29168167073014806,0.8046192187573827,24,26,24,23,82,51,50,33
0.6876146056942761,0.9988842779937319,0.9646451495205431,55,12,5,1,7,52,60,44
0.6832368212202541,0.5250362664743142,0.12058675420965526,-32,12,-4,50,65,86,6,73
0.5513973320547753,0.45992289379751683,0.6514009279590639,89,45,-12,25,64,21,38,24
0.7527441192698894,0.23218770887064877,0.660145075901752,-14,1,-81,71,16,24,52,28
0.4880711247934105,0.16909277966147807,0.3167680933552579,5,35,3,24,6,61,8,99
0.9965859585843734,0.8693340576207086,0.2722102573609899,-18,92,40,100,10,59,36,94
0.3014734263297818,0.5163932479305628,0.6670812042929721,31,35,27,10,36,68,53,3
0.8518965665238196,0.4944069272685161,0.7720523933665454,87,83,-7,45,78,45,10,48
0.8094451510784831,0.3516727428223365,0.34565871715969554,96,54,-70,31,67,79,2,65
0.39738626644994335,0.3751597196861981,0.3168946575307714,23,81,42,76,89,9,9,42
0.4143449412062057,0.7079337869028681,0.5562437107218731,93,27,32,23,51,57,86,44
0.50920011156634,0.44113858286645924,0.30149626181023415,-21,41,15,43,35,43,75,63
0.27492038766810056,0.4779550175086421,0.47350677414746767,20,8,-50,42,43,98,26,38
0.7130349464551999,0.8259422373478894,0.748426546975801,98,81,-6,43,45,42,10,8
0.4994245751119212,0.9245019062339833,0.15524830904741416,22,19,-36,34,66,67,13,19
0.20309109820157145,0.5716033060231454,0.6223634169243877,50,34,-61,1,65,74,1,35
0.2425526008227722,0.2769294833351027,0.14323663503443473,66,42,44,37,80,77,74,1
0.38333311341348675,0.8331206376386951,0.05911611743718681,34,84,37,21,97,95,43,2
0.4582085711310072,0.14813407230538,0.9979988169542298,1,55,-79,8,72,63,86,3
0.39176966053861595,0.49936101911984776,0.34558037928948027,5,59,-20,71,22,76,88,81
0.41284450177828513,0.9978231789108082,0.3963845882550775,45,60,34,62,8,100,43,19
0.4542407403391582,0.362697947617346,0.7774944003540001,9,90,-71,2,82,42,94,25
0.9266516220655129,0.06356957280749931,0.5751221478531846,34,10,-14,32,94,21,25,56
0.037295790153593855,0.5273821220761759,0.11345779980578707,4,16,-58,40,22,64,99,87
0.061483925989150534,0.24900808020538645,0.290554725136262,90,71,-50,33,69,88,11,41
0.07628980368784843,0.025884603144269214,0.9819426842848222,66,50,8,20,52,76,98,76
0.5799521995174393,0.5949968945279013,0.15963560477790983,28,43,-52,35,13,20,30,96
0.25466624156120377,0.9218411014437866,0.6282956355345912,42,68,-49,7,72,79,70,17
0.6640102748345204,0.7607813776242358,0.11762555523548424,46,31,-52,3,58,100,37,3
0.7740898255899821,0.6021260401585138,0.7300740091348187,84,82,-44,50,97,38,29,45
0.17413476963717045,0.7938193446132737,0.6365648051734003,-32,31,-92,46,37,50,10,2
0.6298985022518347,0.5608371759967562,0.7811073494512385,53,70,-46,39,74,9,6,72
0.22114049391253499,0.9175664599173043,0.8446148431429821,-3,82,-5,100,52,36,96,44
0.8437194706185466,0.733382375930314,0.2603165372243528,13,4,9,100,91,21,23,49
0.7046929818041642,0.3484927634780416,0.07904994299898938,48,64,-95,57,76,33,96,84
0.46083370658349876,0.4644920679290241,0.03750814553156245,68,33,27,77,59,5,57,38
0.49108724790592584,0.27387125784736566,0.8673428543687622,-23,47,10,37,19,15,48,71
0.3717424214838533,0.487410012373661,0.07607260572681973,14,8,9,70,74,3,47,39
0.8343466176869156,0.9982902177022575,0.1014626984193886,50,57,-6,4,13,85,0,41
0.1261141375763456,0.8671538777334277,0.4841497867160759,43,56,-39,19,19,64,51,17
0.5009724906103616,0.7093192781765006,0.514471030686326,51,38,16,94,62,44,44,54
0.1602694741704399,0.7890810405952124,0.12306572967081797,77,29,41,42,3,97,5,99
0.6965014750169429,0.6125148700136871,0.6686474678937645,90,80,29,29,27,72,7,20
0.35228115714950214,0.9245317530121003,0.7279518861252162,98,38,-21,2,94,82,35,49
0.09784308536841135,0.38471739535906857,0.8124677359117006,98,75,-60,15,93,52,75,97
0.1171723078922231,0.6198833771038174,0.44515510843524053,-30,80,9,93,1,51,63,11
0.0938509734544487,0.7737879375521091,0.602473114852652,6,7,-6,65,79,97,64,5
0.025708834843860773,0.05000159375966595,0.357490525683975,59,93,-7,68,2,9,33,11
0.15995590289035921,0.6616597427125848,0.5496372266500075,-32,19,33,6,90,19,38,87
0.5483962598697679,0.9119121511984243,0.3932184581184671,-1,97,-9,33,12,16,23,46
0.02268759495339212,0.8768095554325848,0.4319373006092342,69,49,15,63,82,27,63,4
0.6618768803023146,0.5861548448222933,0.017958940646680244,25,90,-27,30,54,55,32,68
0.8643422325133523,0.1453633512588064,0.8653602774834577,-18,44,25,25,45,25,90,100
0.28224098436276546,0.18439629904558086,0.27714520401009346,99,63,-100,78,8,65,13,94
0.17371820265546012,0.4307119286445925,0.24143680994765127,37,18,14,18,79,44,75,35
0.125981044965909,0.3101789021323812,0.8161594202273177,63,34,-86,44,20,19,5,84
0.7082918053759675,0.8464383846400405,0.6317620257304428,63,67,27,50,60,35,39,18
0.23543629747000772,0.758117717038402,0.5353157972685453,-17,42,-58,33,8,4,30,91
0.9423058398893431,0.44164230026942375,0.6761242893353849,47,61,-50,40,23,1,46,41
0.9343641802646139,0.6260206495116878,0.6083806121695476,14,61,-27,20,6,57,40,75
0.46088444635869186,0.6371011771636991,0.3754560892524371,0,54,-58,87,26,71,69,14
0.7504679441147556,0.9289372201783339,0.4896885119560652,75,88,48,100,95,14,39,16
0.5461509893443716,0.7892100867123947,0.1002348721534877,1,49,-5,97,24,37,65,14
0.8114057464005474,0.1448032794328059,0.473018790587706,72,8,-51,31,34,71,27,70
0.32283838247297025,0.9421413520465106,0.19921486873443606,72,14,-39,32,53,77,95,22
0.43781240475516714,0.3868496572839065,0.03368056835769895,70,63,-56,24,21,45,16,32
0.3749452842890403,0.2670616793721371,0.5826209656385738,77,79,-68,84,81,9,80,42
0.4176662169094748,0.6892130404064885,0.9010093602409679,31,93,7,78,8,11,43,87
0.31929152049614684,0.9526426188361413,0.7984967277339888,72,46,-61,73,37,7,33,46
0.4930047447397726,0.26595467375764315,0.2323069835819601,46,81,-12,44,41,24,71,10
0.6490858420460782,0.9059781758522397,0.7703468896941461,-28,23,14,21,70,18,91,6
0.8975103892102642,0.6948521786524492,0.5450099238993749,52,30,0,70,43,52,71,83
0.10566937235650753,0.7442994252212551,0.19462337022665177,17,47,-4,99,56,36,52,81
0.14159915516649846,0.8883370077664767,0.771373539175651,99,25,-2,87,15,5,51,78
0.7629287165304829,0.5028331273693174,0.7920827836739758,28,36,-32,30,57,25,58,73
0.27488928481296737,0.39861327028094296,0.2459119192163779,76,8,-92,70,75,75,60,5
0.5234015554095266,0.9692684476318488,0.2434175130510018,11,86,27,47,19,51,91,17
0.4067153780124745,0.9405139698947175,0.006064621154458716,18,32,11,29,14,71,57,1
0.14187386806557234,0.36282572703608873,0.9073949182805594,30,38,-43,17,23,51,29,31
0.8677234474504606,0.4439735573611677,0.7225538302220055,-1,17,11,6,100,94,47,42
0.15873649726514738,0.6669831575843985,0.44727267958330374,45,41,-5,30,66,12,33,0
0.7123380480082913,0.7875675697477708,0.18778248745206416,-6,36,-89,35,26,10,12,52
0.8588341916842994,0.7410044777499475,0.7591299750982525,15,86,-15,20,88,28,59,62
0.35990473202553963,0.4507278361974244,0.9249722516596439,39,93,-36,30,86,86,77,23
0.11623224780349906,0.4783864838335976,0.023907767380657696,-30,80,-78,79,55,10,82,84
0.542951381541542,0.34589255052221757,0.2471521043341698,47,38,18,17,41,31,51,60
0.9619711509082844,0.7954764340329151,0.38821626429207867,96,26,-74,59,58,50,33,64
0.7787308905404122,0.6803502351066983,0.6691279550097696,-2,97,-70,52,40,29,82,68
0.8634425917275781,0.8163918312983884,0.025042775351868274,48,36,6,16,45,62,73,25
0.018312347759124825,0.7251187300527518,0.6088413036132675,7,27,-91,100,62,62,65,57
0.08654135981316324,0.01603708027416717,0.38401454091542475,-29,61,-80,46,47,3,31,18
0.5668893667863779,0.6744438298197101,0.2086010804697862,9,22,-73,45,34,41,27,10
0.19247884591791597,0.21576470004484205,0.6116505451124156,36,40,-61,91,77,76,16,4
0.9106241601431146,0.3004279992899571,0.4478121237925138,25,82,30,12,13,30,15,20
0.7465050907887746,0.3399790045953487,0.7278361891531258,-11,78,-80,14,62,21,16,6
0.08605807618698302,0.4964301190971825,0.4388265094789746,47,4,6,30,3,71,8,100
0.6555231594628596,0.425100946884466,0.07599446496465945,-14,23,-62,28,22,55,52,92
0.46150084552072856,0.16931836472570028,0.27938282189214625,-23,76,-20,39,26,78,82,39
0.5354438958087084,0.20927650012369658,0.4507509761407591,100,2,-23,5,84,91,42,80
0.6217058218996411,0.5339535312190548,0.6393964308442731,16,33,-77,43,54,87,47,89
0.19991399261123577,0.4005103873527964,0.4694041316724611,67,70,-22,22,11,32,70,67
0.6279195740551742,0.5981846701128939,0.9940671618811568,-13,70,-7,46,7,56,43,28
0.6770964643440055,0.039298048783672046,0.22229091224526565,56,57,-38,97,99,32,22,98
0.9285416138266616,0.38039496587741983,0.49546279870031773,44,98,-81,5,1,63,70,27
0.5391475543619382,0.26763930235857625,0.029467578520686266,-14,77,18,21,4,13,7,49
0.3240749279901919,0.6383763156877866,0.06715549187083159,45,45,-14,9,94,74,56,24
0.20490628749611506,0.6993169368240473,0.6187709397482525,23,13,-67,55,71,31,68,28
0.1245483145862386,0.016020577316448237,0.4873251518643813,44,37,2,41,26,73,87,71
0.8934169172145205,0.1817201853469761,0.6845108172005651,55,58,26,85,25,69,93,46
0.5993581326447638,0.9633927140066061,0.7877745237636137,-9,73,-24,38,66,73,7,19
0.8574640620783925,0.08086511390930051,0.5872556530233047,87,20,33,53,75,31,83,2
0.30022082418634666,0.7967467453465868,0.020172929869859857,-18,86,-44,34,90,89,81,91
0.5489027967951872,0.2027572112039835,0.017065357497150102,-29,74,-3,7,69,14,62,63
0.3736925231417364,0.9366541676353949,0.16769355430143984,59,51,10,70,49,24,62,51
0.6632030592887751,0.9429195749080096,0.5408119851202348,21,38,47,63,69,13,51,72
0.4572215146329621,0.2747813437434762,0.7008998194948346,53,6,-95,5,97,90,43,27
0.18930722264547206,0.31350222657853966,0.7972193075586301,62,46,23,56,14,48,38,80
0.047795800159028845,0.8251654285962104,0.13406851261890929,-3,17,-84,16,96,68,45,35
0.4533039943600723,0.49211140335722603,0.2461206462336445,89,9,-28,77,90,19,92,7
0.5075829874974374,0.4071773817079496,0.4708892882143012,60,13,-89,19,100,75,74,28
0.3409984965687942,0.683234685720248,0.32902744517340476,57,19,-100,46,52,11,43,70
0.021327561860156496,0.009513132500053367,0.8194339405280178,-30,75,-5,14,10,48,76,2
0.24246123384772866,0.5565465050224007,0.10526235852137467,83,3,-17,18,34,13,45,76
0.613702256273179,0.47121676798535017,0.21516364254750342,39,86,-86,82,24,15,14,18
0.0728972547463701,0.5436984861832966,0.06296893141923421,53,39,-59,1,58,26,16,57
0.23551489514814172,0.14260239415550535,0.9563141277620043,-26,86,-100,20,63,13,63,3
0.9731063594613969,0.08342654842988417,0.9347543323144287,84,4,41,10,78,9,76,40
0.5462999674873024,0.5386281090194317,0.24006209245028376,62,77,47,13,49,30,82,56
0.11526246182316591,0.6712474410913237,0.5554257545726217,56,26,-85,16,60,39,12,55
0.030330803075851676,0.642754268197448,0.7977568329885649,-7,26,30,7,32,83,9,30
0.02839424472324681,0.7813031944810458,0.7539970383860948,60,70,-67,63,18,34,28,71
0.6015290766671144,0.9467577221425533,0.8838311195822177,68,1,6,71,95,46,78,24
0.7552777051784898,0.27324066393804114,0.45329940242225275,-33,26,-5,53,36,67,51,19
0.400229406547283,0.42129060251414185,0.7443950575355687,66,88,-88,15,20,95,67,45
0.8084774678552115,0.4338587180913813,0.5038645667645788,37,64,-3,84,65,70,22,58
0.17865054149401582,0.7912918008368882,0.022721994220890496,-19,39,-29,48,46,85,44,83
0.6530528738587983,0.889159079944707,0.09655711923431065,32,79,-7,29,43,52,16,89
0.5194030101836539,0.5279865963578787,0.9210643463655035,-12,76,4,53,57,83,6,45
0.3906718138041628,0.33330853727436105,0.6162324518690214,37,92,-39,90,26,1,86,87
0.9654001538391446,0.6567665004934086,0.592801123664754,95,1,-76,68,9,48,98,48
0.878364590106006,0.07597411605160975,0.02216106583291455,38,46,19,55,22,74,5,66
0.788994443899904,0.4137293261146451,0.6883522910903168,100,32,17,51,30,49,95,74
0.37604260492729813,0.10214516001125962,0.8711877162054786,-34,87,-14,66,72,3,39,33
0.974413811896015,0.738447158423525,0.10051603654056629,-23,24,-3,75,84,75,1,1
0.5147845244236163,0.2555053658987364,0.4032337508145234,34,17,-15,35,42,100,13,91
0.9718093849960538,0.9573528581064945,0.1125072389698275,40,91,-33,19,10,26,95,65
0.052981814929409676,0.48358161144449685,0.548522291676008,79,42,1,60,79,77,5,72
0.11300692112223543,0.3558289271599997,0.22619412286659324,69,5,-93,96,54,56,54,38
0.004116665899994709,0.18601319922842752,0.1361296566600596,14,7,-6,6,77,0,99,60
0.5731544724585151,0.6092974963658763,0.15222015499755126,80,83,-30,85,45,61,51,34
0.00523454163653736,0.46536618566908405,0.7795396966383156,85,4,-92,73,19,33,84,50
0.27228181030780796,0.15340821794078752,0.18850539337937278,58,65,-82,96,45,5,44,21
0.15116853818745135,0.08633103354619209,0.7557597879086455,14,30,-97,6,19,21,31,43
0.5626515389264678,0.060429781708281616,0.5895965383762454,53,72,34,16,9,18,60,26
0.5749589557142273,0.022993709935815176,0.2921298876852545,15,27,-91,84,25,0,14,32
0.25025383998054684,0.2470608521702351,0.8965523384479908,73,78,6,77,18,76,6,84
0.11000800652350962,0.3912150609408358,0.4168305988303641,14,26,-7,4,68,85,99,6
0.9261032224246659,0.008025334178935473,0.035950477697664796,46,69,43,62,35,60,8,96
0.03826582663577449,0.32717347973913646,0.2816466860694611,0,73,-17,21,51,97,55,31
0.06488521312449602,0.3058735252584486,0.49636891798842553,10,5,-74,79,19,21,16,14
0.8802323040879965,0.9333627789734579,0.28430623246958664,35,58,-18,10,76,92,38,27
0.9794397552057417,0.7394420027303434,0.36627154243656923,-17,2,10,15,23,13,54,88
0.34452128638393464,0.25393967467014544,0.5147358147748622,65,61,43,43,66,71,31,59
0.6837907638927693,0.6338076891359696,0.999094635106305,15,70,29,69,68,74,5,35
0.5358889842380615,0.7991923021208518,0.5803829417217571,-5,78,-99,6,56,10,10,70
0.9727807492388292,0.5098047569494362,0.4338367926219202,83,21,-61,74,17,75,78,74
0.8395553404488824,0.32900370800846845,0.6548419523293811,0,38,36,23,61,10,31,35
0.3386204987609487,0.2576560082048389,0.3795940195467218,-24,7,21,2,63,69,69,51
0.2501480932138481,0.9682121332567172,0.09006158087363592,12,100,44,25,56,58,55,49
0.10190064478997363,0.01269086949839704,0.34716604650908944,12,4,2,48,48,80,13,93
0.14445260167866603,0.7932867724670221,0.7979100093857178,29,50,-96,62,14,99,9,77
0.37843731926724167,0.8551059468332557,0.45470853424990754,60,48,-37,65,52,1,51,76
0.46726558833205534,0.17028137630059748,0.39474125684712147,89,97,-8,32,85,60,51,97
0.8590534155413259,0.5297536281240421,0.10045415680258996,8,11,49,54,59,65,64,6
0.23133037117344135,0.5598572211786825,0.6509140269653484,-7,98,-53,87,29,38,15,84
0.29947577094554867,0.6633636262297183,0.21350537857089946,-14,71,-29,59,91,87,46,40
0.9144803831237233,0.3206737542782305,0.696297445437067,24,32,-2,28,37,58,93,7
0.23520761239680243,0.7520195777684137,0.35552077865755327,4,0,-36,6,33,21,48,27
0.6161758113581262,0.695921102483774,0.35438436257470873,-14,19,-91,25,14,81,23,52
0.45243882218077736,0.32694308816712236,0.40198360115197274,59,64,29,44,27,14,80,5
0.0446185255348891,0.7682120711482976,0.994322121636874,-9,34,10,30,72,66,53,44
0.6335817514330996,0.5838463787610885,0.9686190768661318,6,14,-4,63,62,86,59,49
0.3427308329332285,0.9970686286313075,0.5908117463176334,-15,77,-51,1,40,42,3,38
0.33333475341162233,0.24241658685982226,0.8627591349421182,64,93,-37,83,54,41,3,95
0.9722790845551624,0.012868361843602405,0.8734662382569901,73,43,-22,5,28,40,20,3
0.4216915990589155,0.9880060759798577,0.8985104800198481,41,29,0,19,0,61,34,96
0.12276616140305185,0.405950360364163,0.6789396369068239,-26,19,41,28,14,26,70,85
0.761059702603381,0.6400846850336747,0.7533821533604989,51,60,18,46,52,11,77,86
0.9788927887934468,0.4722920697849521,0.1211751289514813,74,78,-75,70,39,75,52,99
0.5219201263420474,0.4393862914068215,0.7999822407365634,8,26,6,38,36,67,14,34
0.09673681814926227,0.37350391997858856,0.5524665697062241,71,87,-87,24,4,9,25,11
0.4527032162743716,0.31062183294363266,0.6793307758045718,53,34,-67,71,58,54,6,46
0.9969318281884482,0.8091235615725321,0.4303192202045877,82,28,-42,21,82,72,88,47
0.3324941841930219,0.2572637019271573,0.06655555759691156,51,49,44,88,5,77,27,21
0.9960888935483448,0.8784250191816921,0.36008458245892216,6,60,-46,65,84,81,59,4
0.017887526654361774,0.7337532714733939,0.12150908226821766,89,12,-33,20,9,26,82,17
0.36930666017189706,0.6661991770786168,0.64864267868135,50,80,7,76,47,74,10,92
0.13531494109853637,0.45984383265790885,0.8025204766065578,-7,36,-37,27,4,1,69,62
0.14219996115880618,0.5893878725948001,0.5790463861253482,42,12,-48,25,77,57,63,87
0.8044161632610639,0.19229280768233525,0.18970363193562156,-9,49,-54,19,12,82,0,87
0.3483036921781665,0.9660563785680134,0.4628159298277096,-29,56,-19,41,76,38,69,28
0.8038625889466299,0.06535714632880585,0.35194800223800415,0,33,-64,32,70,48,77,72
0.4398392790987131,0.7984687322570129,0.6907000440558982,62,45,-38,20,63,8,88,21
0.25249877141133004,0.29445466939019527,0.8077748280726473,-4,94,-1,60,74,3,80,48
0.8874174881231536,0.673371126656075,0.6861172753056772,12,2,-43,87,89,49,9,18
0.09173702486235347,0.230417668949068,0.38845750869805473,39,22,49,100,76,97,75,71
0.07948621858976768,0.6695792972244178,0.19801298954530133,100,72,43,71,62,65,31,76
0.6645956929813107,0.273645692211668,0.774211611627436,13,0,26,63,98,21,33,22
0.22908130445303698,0.19064793657130275,0.38097244369654504,-4,57,20,89,96,41,73,36
0.010361721191537554,0.9131899595027992,0.42762439170605315,59,40,-21,2,59,4,8,11
0.9787298292628996,0.8345672507823263,0.4846901545116167,-5,39,43,8,40,66,76,96
0.8171601419806701,0.4544279178066829,0.21247547272867973,69,49,39,66,37,66,65,81
0.8971343044350817,0.17269906434816606,0.1582514612027779,-1,88,9,3,80,75,60,45
0.009583271368437285,0.9158708060515139,0.5997730412101556,51,81,-53,10,90,81,64,19
0.557935829659296,0.06491948067574926,0.8575509497131568,95,64,-94,6,13,21,29,35
0.486720172500431,0.6757305546642624,0.3821432079345054,10,4,-83,98,93,60,8,69
0.25508509097351495,0.3194237567587378,0.9215739653376428,-19,99,4,35,13,16,68,24
0.7504449988369147,0.8805105833878739,0.5385424614378546,10,24,-3,95,94,35,36,10
0.7543282872269838,0.04953927686591464,0.029870134902660994,12,35,4,12,64,60,29,14
0.8747705796031311,0.3078680753759716,0.21132916723770123,22,85,4,30,79,61,6,44
0.5328703848821097,0.8222903333969297,0.8173899683727706,44,43,-6,67,8,53,25,65
0.28070611075273066,0.43433884147397717,0.16226355672668002,86,26,11,75,84,83,63,26
0.1018755010534168,0.15806790149058603,0.7808244807444873,-1,67,-61,17,13,23,89,83
0.1364003157174527,0.722875376695573,0.6651972853984189,74,71,-34,23,67,77,90,99
0.3985872287006741,0.7039399609678082,0.4555142447164163,4,18,6,26,81,30,66,0
0.0782549940699595,0.5294410739875569,0.050083519548774436,22,34,-90,74,92,31,39,6
0.7122139414937301,0.010810219035009005,0.8750006832832354,31,80,-13,47,31,53,93,54
0.1962762514544707,0.649622121666796,0.2690353196478811,12,65,43,51,52,7,65,14
0.6540252102916795,0.3933267942220433,0.9205969444454827,13,69,-74,11,33,67,99,88
0.20318712160262942,0.9490845889512631,0.5015457610027219,21,43,30,19,14,71,87,19
0.4664284375871499,0.7427079647357766,0.21531190063381267,49,35,-77,53,38,41,97,35
0.6063360485847994,0.6807573596724023,0.25459336930406073,-14,91,-59,76,8,29,25,43
0.7690123596732803,0.07828767182743313,0.48563953081252387,-11,94,-71,73,37,21,64,58
0.5323242996353752,0.5824064052570529,0.7226775406240437,-34,89,-90,77,88,24,56,22
0.06969359634528571,0.336858576215294,0.7166904095866133,45,9,-58,26,60,28,24,89
0.35238948632266154,0.2124080981764933,0.4097508820767076,0,28,-74,69,39,29,61,73
0.9170694715120202,0.0059940118606696124,0.6248572305295248,32,11,-97,88,57,74,69,55
0.05059446463638029,0.9861173349448754,0.30106018582393435,63,31,-78,16,20,41,82,68
0.9286161072060093,0.5045192412793438,0.7403746351506468,31,59,-57,9,46,54,82,46
0.7763879153593886,0.23542354542009025,0.40159878165059415,2,97,25,3,79,16,4,33
0.7040249351789118,0.45962748794271513,0.2558970059081016,-16,83,-25,70,57,50,76,13
0.29881194009587275,0.8367152014499806,0.6049664891407432,99,60,-20,76,22,100,3,64
0.2867253519346936,0.09678382027365606,0.35658318233038344,63,33,-38,26,98,94,14,97
0.7652388296440361,0.8214871079278857,0.3097400740092412,100,1,-39,17,57,28,41,81
0.9030967799004893,0.5772318351544684,0.8657946990297647,8,7,-99,92,29,20,65,15
0.5623535561730094,0.4447908139909613,0.9795021230543808,18,40,-46,12,86,64,88,71
0.5796450573049867,0.6683065800089848,0.179191524812241,4,29,-98,100,77,6,22,2
0.1506365889932535,0.9144598992305625,0.23783306104645086,47,62,-55,12,72,15,61,77
0.8007370934065886,0.9913442398067607,0.19860216587982205,41,74,-21,62,20,71,11,68
0.2836815941647117,0.49529474534501594,0.26647147550809347,17,37,-74,77,71,87,82,77
0.9896239878413804,0.29768803605366134,0.6733055386074791,24,73,5,12,45,91,96,80
0.17455923040733656,0.5355450822858016,0.8775456570119786,17,45,-93,45,94,21,57,48
0.1044702089767291,0.4351329356290973,0.4588869554829237,-3,74,35,6,18,3,70,54
0.8255511775752619,0.6479024875114652,0.8313008130822244,78,58,-96,3,47,31,6,90
0.5796559959702342,0.8008535229796804,0.9943456671479802,33,81,-67,77,66,10,89,93
0.8243822776278438,0.6665982539327691,0.2325573505306724,51,35,-8,88,61,84,22,59
0.2707789905723118,0.3612791590884378,0.7578492516354981,50,75,-7,22,29,94,16,69
0.908986163051305,0.52838520069606,0.019329593481306473,88,98,-77,40,83,47,7,45
0.1025747347860193,0.09490884196778338,0.9182573706387249,38,7,-37,39,71,24,35,99
0.2235703811791323,0.6891753186555692,0.9655250775288781,93,10,-39,29,35,96,86,97
0.617525050836549,0.36182530923951883,0.8448518379029064,-15,99,8,82,14,13,91,0
0.012017600742207368,0.16432349365498633,0.8291498021230943,38,4,-82,18,48,62,80,69
0.4209070404328684,0.08350277788955951,0.5243722906879432,18,2,-86,13,82,25,23,32
0.7770290405519569,0.2783662880409705,0.25375632771334433,100,32,-42,48,98,47,61,64
0.5953247312377875,0.7771639624589944,0.2132622489644166,-20,97,-13,54,67,75,85,15
0.24210761192881847,0.7346617320506799,0.5616004732599901,21,50,-46,81,33,64,57,12
0.023997640488621297,0.6881065619215793,0.39790112733330696,49,64,-76,88,82,33,6,98
0.17376536871254566,0.5714126907070869,0.9630647534896121,66,73,-49,3,55,59,94,65
0.5750596930960566,0.18631735103291214,0.7231970291954155,97,64,15,65,30,60,12,81
0.7379593776102397,0.5238724877481056,0.44169485211906157,51,63,-65,71,94,2,79,44
0.14064555564447345,0.48579811438385545,0.3481903001084613,54,54,-40,56,66,1,91,56
0.25964296424549727,0.5450181255914341,0.3052478323439627,38,76,-20,52,97,30,28,89
0.039109577787744265,0.084625202301703,0.1296663865323896,6,64,-46,1,18,97,35,57
0.7352283143888483,0.40563144024957765,0.9263080225188486,67,19,-72,42,43,61,58,74
0.6589638309149771,0.46635285912019253,0.7279174113019776,27,35,29,55,90,59,94,19
0.4252897022013621,0.6378339982439535,0.13189261965502974,7,99,1,16,86,42,9,81
0.0950071887610664,0.9210312204963486,0.2704939146677555,9,94,43,46,60,20,90,44
0.07195009359809845,0.7738530170479151,0.05081229175395674,49,69,35,88,30,11,61,14
0.9438997878803225,0.9967568359500921,0.634441175188073,-14,5,26,55,5,34,97,2
0.4333461747600682,0.8444024106976112,0.7159826178245041,66,99,-43,12,76,32,43,72
0.9559596494314678,0.055546958197578045,0.4390210896769152,38,52,-47,43,7,10,55,41
0.09925685698996334,0.6541429232383656,0.7833688833400183,69,65,-70,21,93,84,69,38
0.6840680752467629,0.5674677827849419,0.6335849888092169,-23,86,-72,98,73,18,69,72
0.9554374609667192,0.595889607435055,0.05377388635026803,48,60,-11,18,36,96,50,60
0.25768032120783635,0.8296032896616768,0.22088663358903227,7,67,-26,50,18,36,25,7
0.20194277296247742,0.5045917497194187,0.24838848604584607,-5,38,-11,43,34,28,0,20
0.7484403780041325,0.018415937791323556,0.6449087414746877,88,12,7,2,4,68,63,63
0.13707845945566244,0.06791354427033114,0.5738309842047629,38,40,-76,72,23,31,96,5
0.47022935818663547,0.9067638525052222,0.8780675744893512,69,1,38,79,21,86,73,53
0.6409706973712602,0.5612477754796866,0.6924506566483052,-1,80,-98,29,86,39,100,12
0.4198788598222657,0.14963155823413088,0.10535704821944702,22,38,11,41,84,19,94,47
0.1580200823425585,0.8187645549992242,0.11860514460674587,-31,46,-88,6,55,12,1,76
0.837249769008062,0.15880051024247288,0.488713180035957,-20,98,-69,82,21,46,12,83
0.7726966177308224,0.6117512263421705,0.7315887397771548,47,14,-76,11,17,46,61,41
0.31251003185274473,0.7873184661765861,0.4315431334163118,-15,52,-10,33,18,63,66,30
0.9746627725070071,0.5985763405113501,0.45096912317926274,-13,21,-22,89,67,83,34,38
0.8170772987027214,0.07929717256291924,0.676821123105135,-22,19,22,100,38,63,9,72
0.5246096460173825,0.9574391408939682,0.3612260452115388,70,72,-14,84,48,66,97,57
0.4685323743605625,0.8702296072051636,0.6188881351259855,55,7,-92,50,40,24,52,5
0.05621941841078837,0.6566253695497418,0.485410664141799,-34,92,-64,72,97,36,49,65
0.31887950795915665,0.3829238951466789,0.4084464770080759,48,2,-48,12,90,48,7,14
0.11706636081851285,0.16441705032947962,0.23131733799903798,-27,42,45,58,10,12,79,37
0.3421579619476377,0.031814200358945,0.06260452366344671,-33,6,35,96,99,5,19,49
0.037224270190604036,0.7309763479363063,0.13620310973372773,-35,4,18,94,38,74,65,57
0.7211855859540766,0.6396080411136009,0.23652892440201756,62,10,28,100,16,93,36,0
0.12166212107835939,0.9299854782430877,0.9043625166390873,-15,88,49,22,38,29,88,86
0.0794051638877038,0.4687070090618255,0.9492305751510898,100,72,-66,47,0,56,99,5
0.607925689590734,0.14427260738402659,0.9503226303771534,78,71,-40,76,88,89,11,63
0.5946757046199985,0.2932883890585726,0.5618152367334448,-5,0,-62,40,34,93,57,79
0.5850862682883475,0.8508193808047583,0.7283711289544929,24,8,-93,52,82,95,57,13
0.18875637068337492,0.4655391496318285,0.47342215518531117,75,71,-49,18,40,74,44,70
0.6805997546760514,0.2504909089851093,0.6950254166402702,39,22,23,36,17,51,50,94
0.3873314662368449,0.6701227794912396,0.618954031408031,21,8,-44,89,78,13,46,90
0.9535924827454985,0.862833067910356,0.3531327260714906,9,97,-99,45,44,42,22,66
0.6116902216058141,0.021835766141862445,0.06411832392725714,96,3,-98,14,81,78,81,94
0.9579599076198148,0.5418386755377705,0.014831165762490883,5,10,-55,54,22,80,29,77
0.8565442556230809,0.7912942883552312,0.14739183380087362,2,61,-18,66,13,93,15,95
0.8416026293403682,0.7080827075921768,0.7849252986842287,53,97,-53,8,71,45,10,37
0.9581477311068632,0.3083363677750436,0.10610796228576158,49,64,21,58,74,68,17,41
0.4424088227740556,0.6421402808811046,0.3370413221771936,-13,60,30,63,79,52,54,37
0.3640085166004784,0.7663778419417631,0.8966519615894571,57,11,-64,74,95,43,44,39
0.07773782983720734,0.5244896071587308,0.7597705636551814,42,47,-52,2,48,15,67,79
0.7143869486115063,0.24283753521551665,0.8046364003979419,60,100,-55,84,61,38,59,20
0.01575968676865136,0.4156755044968725,0.24513612237450944,60,38,-45,1,30,90,73,87
0.5017739527263821,0.9458472411377145,0.640903679442639,3,57,43,60,69,61,78,50
0.040770697091672914,0.3181843473038719,0.8759654893012574,93,92,-82,9,6,65,83,83
0.8587468736694412,0.5136269188063846,0.5283972751458637,28,54,-22,63,95,50,43,82
0.20806226829741725,0.6888765246047632,0.8120304560759504,68,99,-15,4,17,61,71,16
0.4861720063951239,0.8129030772818095,0.16476279338735533,57,17,-68,49,73,91,38,82
0.5148901186649266,0.6675112079476094,0.6873555283283161,14,15,-99,72,82,59,62,88
0.07374691364303176,0.43000235069399984,0.3035474641224366,-31,89,-50,74,10,9,89,20
0.40117671846410097,0.4203307239077444,0.20906341740053092,-20,42,-82,81,91,91,28,79
0.9872003304341593,0.8994438394137868,0.4151337267754188,-14,47,11,15,36,0,18,72
0.1821588382099656,0.250695663227512,0.9269066470882361,90,53,16,58,81,36,45,16
0.7416821057508286,0.13365392775012486,0.6902885084004227,90,6,-75,26,79,97,96,16
0.32942674254487647,0.4619585970840332,0.24346511787840297,5,84,-76,60,29,58,80,1
0.5403327402827862,0.975954696272897,0.2665778039886024,-29,3,-28,39,2,17,52,34
0.33035728958102284,0.257780878372844,0.2528511578108976,-27,26,-22,58,24,2,65,82
0.06413264019610532,0.10152949641914877,0.7945953812118665,37,57,48,62,81,42,12,8
0.4088982680148572,0.060956595179733064,0.7675172355502221,28,88,20,63,34,41,66,18
0.8418273273480708,0.6923330466752835,0.8829190007599942,72,66,-51,78,9,26,91,37
0.8960695206370874,0.1788915548712966,0.12336209790710317,93,93,-20,71,63,34,13,23
0.23678179550084433,0.7597197690335677,0.46590022252264096,34,78,-27,25,32,22,60,13
0.41415035079833873,0.8875940852646318,0.8048617107512441,68,81,-71,78,45,80,1,80
0.21552132358386777,0.9821682581576514,0.011726797783625398,58,44,-20,1,94,98,37,26
0.9175407472872454,0.07667031972556126,0.3641214097929545,-33,69,-13,58,98,82,96,71
0.5413289305949172,0.5721186980687911,0.6386505461456439,41,51,-48,72,35,33,75,51
0.7768295347716944,0.04564888061499084,0.589200287328307,32,89,-98,42,91,23,98,69
0.5183136398609761,0.2968026985651535,0.40653102638656247,94,60,50,62,69,68,36,11
0.15427176976049972,0.3740624624989264,0.5045601349926737,9,83,38,32,84,35,24,17
0.8632652402434765,0.7965028642165818,0.09945285765369105,13,57,-72,30,39,39,99,59
0.6731876630771098,0.7035295480772545,0.3789061777877375,89,6,11,2,91,72,74,16
0.032738204943850935,0.24506028549621894,0.8931235611251591,72,59,1,30,5,40,12,62
0.35452403441241764,0.8044898391652168,0.8734585372365453,13,38,-98,59,68,44,56,38
0.5946209405725326,0.4878999974402046,0.8207116384666981,-28,42,7,75,57,32,4,37
0.6814404024850246,0.4064917798664368,0.3653012694057287,6,80,-43,90,63,13,85,27
0.22713275638539432,0.33321414985381115,0.07493464153040663,99,96,20,94,22,27,13,41
0.8821164707675467,0.972575158827023,0.640996289410028,93,23,-40,74,3,27,48,72
0.4999570714625371,0.3854004021428936,0.02870599959537179,13,100,14,6,25,18,54,60
0.6226675922994228,0.5093916374232156,0.41704570360647186,50,74,-38,36,59,54,71,39
0.029455725348159767,0.6029275064167833,0.09909898411294027,-20,6,-25,29,84,96,16,60
0.68736333873274,0.4570995637659865,0.43086662298082734,-2,80,-66,46,5,42,75,76
0.8621906863831311,0.9148830954628744,0.9329382783303936,52,9,-42,74,2,68,74,34
0.99077108592423,0.0802314991974854,0.20796587427397706,69,50,-54,88,92,64,45,1
0.5792640841353502,0.581758958021867,0.6350319702189893,98,73,-38,93,23,80,62,52
0.23980231470128388,0.8392077449147832,0.9918308449533344,-21,29,8,92,77,31,33,24
0.6608411580437068,0.9791743136646922,0.7449757130809143,-1,73,-70,3,14,21,34,88
0.5650470571184812,0.5762353101529534,0.12362209829257287,99,84,-46,89,15,11,70,95
0.04505263033221685,0.2794934908717739,0.5522113268392175,63,86,-25,76,79,60,29,34
0.5635526281574216,0.6195380372520138,0.8177864534677676,-9,69,4,49,76,41,83,3
0.2226825494821425,0.7410542786272002,0.9983730818208352,24,24,0,17,87,69,85,72
0.11270756840529761,0.6244919066075281,0.606632881374934,-23,57,24,44,5,8,98,92
0.6323909777485225,0.04751359262393795,0.9226970153305968,37,50,-31,4,97,69,79,66
0.5816301848299752,0.44405438906951256,0.9447162169207958,58,48,-72,2,87,4,0,31
0.2386754245082493,0.8208318312486174,0.235391734176575,30,56,-35,16,24,11,7,54
0.8321526349396609,0.45393851120761963,0.30805218823233005,51,86,-87,100,48,87,31,3
0.08274219561784701,0.18440967101574068,0.7019468264310053,23,60,50,11,83,8,67,0
0.22426551951797924,0.4727377683299484,0.403034019271999,-5,17,-14,23,84,64,64,78
0.7363902109427071,0.6414325261223367,0.5179147716412428,83,87,-80,4,34,47,15,32
0.609972458539023,0.42454495801044256,0.4861987963488561,35,98,-65,49,2,19,50,59
0.6907166355754671,0.49787318136805925,0.25224461975422985,79,92,-20,43,3,53,90,48
0.366881308902286,0.4412134950505555,0.8085774646627093,42,99,-35,10,54,17,19,86
0.23177737427126743,0.03613477218283956,0.29858067686162604,71,37,-49,60,39,89,78,41
0.4199353156660566,0.5684404349518751,0.6844434490182731,96,16,-28,94,6,18,31,56
0.3244272731865835,0.38909894119417787,0.8373159315686471,71,67,-17,49,87,13,50,38
0.12405284387591586,0.16905935898219904,0.27401799139627736,59,21,-93,66,4,31,50,100
0.6952347784256983,0.9364393897084703,0.10886757135380776,-26,85,3,45,41,94,47,50
0.6599054985933038,0.883915587518228,0.16638197286274237,-17,99,-31,67,100,16,65,23
0.4271244577277591,0.3179408747695903,0.8417074566628019,76,21,-3,20,78,32,35,72
0.954147353643276,0.9241521493312892,0.7592514616651574,12,8,-8,38,68,93,83,66
0.39663552341520625,0.07648424280416621,0.4761939912133556,-29,0,-9,89,46,40,97,11
0.7018808847596911,0.3857288482344633,0.9216730273716474,-16,84,-67,63,78,48,3,25
0.6974633656428163,0.6389544806277876,0.15219544296758503,-17,49,33,95,98,4,8,68
0.9905196020102818,0.5504084400620329,0.9449858637315187,21,46,-3,60,88,63,56,35
0.7986262154005428,0.03956798512149795,0.7407533223753504,19,41,41,60,59,38,16,72
0.8572617548909085,0.3585552162709872,0.9688304273762455,9,98,50,78,42,49,52,71
0.962520937226689,0.536250050641147,0.08740197488297519,-24,28,27,95,67,7,13,23
0.44609310467386476,0.22145879535930024,0.5496446064021852,81,15,-69,49,12,38,3,52
0.8845540012877895,0.3481417007514054,0.7535321678446516,10,64,35,29,7,87,78,82
0.4796149056136846,0.7396117753329621,0.4160017575334014,88,90,11,67,22,97,99,14
0.8269370083791994,0.938701740970727,0.007932729304353625,79,4,48,44,3,36,75,74
0.826784681630576,0.1813241783908328,0.4402519425633016,1,72,-36,17,68,99,84,16
0.8347530218688262,0.9883301623930969,0.7094121431228102,65,68,-67,52,54,22,76,54
0.8211025684217818,0.9734729813657552,0.3600680750678029,-1,61,13,56,71,45,39,27
0.13630715208926558,0.3345427055407062,0.3325514785272663,-30,47,48,78,11,58,41,37
0.48334769647240183,0.8117665363994289,0.7199981034166768,14,18,-28,98,100,58,12,80
0.3165756981010204,0.9593653753087847,0.1360421408395348,-27,72,-7,91,56,100,96,63
0.8639073716284744,0.33417995519084,0.051349293755325265,83,34,-42,88,51,45,62,0
0.9736161622345464,0.24178615285889582,0.4987897543804348,78,42,-72,13,37,94,82,25
0.9207258068337604,0.28797178778726307,0.8270297160273767,-7,4,20,47,70,54,60,99
0.22243826323512428,0.5156139818513356,0.35555910311293737,5,28,30,3,46,91,25,35
0.19873825533357437,0.5328061133467175,0.9397828797409444,72,11,23,13,43,30,11,54
0.3381695417633839,0.5418209620236807,0.5722400107625522,31,94,10,45,38,12,87,86
0.6316312481081703,0.032746811819092,0.7654754666841175,56,94,-90,50,90,76,91,31
0.3423624947320767,0.412833714891652,0.936289639981232,48,61,42,14,19,51,72,14
0.9567088809767025,0.6434713180728798,0.995125993211604,98,53,-54,64,85,82,14,25
0.3811936662168708,0.5248497046187559,0.4316667831302601,17,71,-93,88,96,16,32,35
0.6911115470502868,0.21586104058530797,0.5076846909756559,70,66,-14,3,4,3,39,24
0.9778914550401564,0.3729061031317342,0.13070713967047976,84,15,-82,15,49,52,32,95
0.9743947372977408,0.9006620542297243,0.859817135988123,99,95,-53,6,33,75,35,7
0.9574263345107719,0.43736058709964887,0.9305309895976123,90,57,-50,57,87,70,56,10
0.48947478476426365,0.21796592045242813,0.18884971373730397,37,70,5,79,36,33,6,87
0.8890237602580253,0.9630523849487648,0.11610345809352451,-16,81,-73,60,33,57,67,60
0.5641287853798387,0.6066754568640579,0.9701704771779328,1,22,-35,36,13,47,45,57
0.3463090524258532,0.8931236535492091,0.09638720329562955,-10,59,35,20,61,63,10,86
0.5418859232700831,0.7966669477495069,0.13876170637188923,71,43,-56,6,52,50,10,34
0.07276652867051836,0.41565791515191475,0.05483865740830007,-33,50,-23,10,10,6,64,88
0.4839958585496017,0.9850065234321713,0.734820414121144,-25,22,-64,1,87,2,45,58
0.6124065403228338,0.1355184199917686,0.5029209160079274,-28,48,23,26,69,59,85,95
0.28673927509458164,0.4259025443877714,0.30698089744155177,78,54,-66,13,94,88,37,71
0.4229730347248378,0.35415033528676565,0.4585085750559641,25,41,-62,1,86,16,39,57
0.15707996707904248,0.13960729601933464,0.272369955319691,51,6,-61,9,30,0,64,24
0.5545125481310597,0.23303171012388246,0.43961816630215833,18,0,-30,75,37,73,43,3
0.7374676000133046,0.11743677619407789,0.23599294120238679,85,10,-13,13,61,59,21,23
0.0773914107282686,0.40308376740216467,0.9476205703452995,69,26,7,45,50,83,49,18
0.8904368029129356,0.9960010992334687,0.6605343214666521,79,10,27,89,67,14,3,84
0.04351844744863698,0.30237144488736234,0.45220934066148455,-13,44,-22,21,70,26,82,39
0.4603934964572777,0.6375000232262131,0.7142581413813438,-11,27,38,98,7,82,56,19
0.59350306210565,0.8120620878580892,0.9066972973343845,9,8,23,29,49,76,39,39
0.5632774651402274,0.037066005065782504,0.5717804863797604,-34,2,50,38,26,94,87,91
0.12287838200890089,0.4026522797256288,0.6897349778962091,63,49,39,23,54,56,34,28
0.5295851071516724,0.345870061709986,0.22627458173830683,32,52,31,90,84,73,37,82
0.5236391028551057,0.7878362099011987,0.418586484382943,48,38,-82,84,42,96,7,71
0.12705154250587514,0.5324614948820535,0.7946716676071851,92,76,-44,82,75,26,51,70
0.8876111424245176,0.156300332307292,0.921563904723614,-9,17,19,86,33,86,40,56
0.0725969241874116,0.09187032395528105,0.4850237093969837,48,89,-8,9,89,9,39,59
0.508997506252288,0.9608756399553857,0.3119818459657606,35,3,12,65,22,56,68,57
0.933921643138551,0.1805646625317826,0.6774469867558757,83,67,-81,90,28,1,5,41
0.2461077183443885,0.33409953620892174,0.9101128667380596,94,18,-73,79,97,13,1,39
0.1532340873604724,0.4052056262996033,0.7596311060517366,-13,46,45,51,90,78,29,93
0.554232289462418,0.07895851703520707,0.4959094776582861,32,74,-33,83,79,89,70,0
0.6078114537605489,0.5192124766041385,0.5536832956698272,90,1,42,95,91,85,12,3
0.5240388870710525,0.46851597338804296,0.10290714783595534,32,92,-54,47,22,20,25,46
0.011487647975994109,0.7176700353104424,0.9374904295001668,33,6,-91,5,57,39,31,59
0.1191189097310612,0.07628988627181943,0.723474690844571,-19,78,-15,42,92,72,70,90
0.3303010533376861,0.43786479123920385,0.8738754719982658,-4,80,-7,95,11,49,29,2
0.566870044898883,0.15233314795989727,0.013955163723259889,88,53,-70,39,26,80,8,12
0.593312976468557,0.5562530963859319,0.8935029763398153,-9,12,47,92,17,57,9,74
0.7187609490033035,0.03404965933713211,0.03567866607157766,-2,94,-89,78,50,18,84,6
0.41986711682852096,0.2305415120259272,0.5838284205074116,-34,58,38,87,72,27,23,90
0.9862771408349378,0.3578479874915086,0.4332507791042012,3,11,5,35,10,4,43,53
0.5412983104744419,0.13032306707540375,0.2290596360641639,-1,51,-2,61,69,97,17,30
0.8951668890052767,0.7591619526405818,0.58600853383536,74,69,33,90,80,38,34,78
0.5346805484370722,0.7207922203485391,0.09303716228615633,-2,81,38,64,84,22,2,98
0.6797235169644439,0.5427300176836936,0.2791758537458997,2,63,-36,10,20,98,46,81
0.48675921592328264,0.3986163075994018,0.3593568776296634,51,76,-59,19,25,55,76,68
0.055804823448251106,0.1288530735456307,0.7147510514927166,-21,40,-22,98,7,32,78,28
0.09468143111306337,0.23705336018533796,0.41667658547175535,30,68,-6,94,11,45,99,85
0.5814255868783929,0.5699866356436111,0.598805506572577,61,89,-68,60,81,55,8,28
0.03304296477995039,0.2200188317581515,0.12053420856610364,15,89,-6,5,44,71,94,96
0.32120177729270816,0.2225040629543794,0.2960094721515072,94,40,-67,74,49,11,6,94
0.6686687413461945,0.09375171584655673,0.4600640736231132,62,95,0,31,56,52,2,24
0.38044530455774894,0.8047583540949264,0.4708174162931681,65,62,-48,11,39,21,4,29
0.4644409187904145,0.15716335929447012,0.44102775459722265,84,16,-100,60,15,83,76,67
0.304644380294086,0.10173861024271891,0.9014088436089356,-24,39,-43,49,72,93,49,75
0.04619862952071063,0.20851492991772191,0.7759256956975289,80,81,11,2,99,82,97,72
0.03178511299390885,0.9644177680567494,0.6351639249131709,94,15,-57,59,89,74,97,43
0.11834180698533092,0.1440804270411089,0.769130151621954,2,60,16,11,7,40,22,39
0.5050685344189686,0.32381701767490634,0.15292653203629158,-7,27,-64,81,10,68,63,15
0.8005407409996944,0.8857594169915949,0.6365212484105843,90,2,-11,80,29,22,30,4
0.6638742629312738,0.8754646203540416,0.523049757798161,23,27,28,55,32,29,11,58
0.5406987893078844,0.9994419318636898,0.6600022572901776,64,86,-16,53,21,83,20,91
0.3026258758043303,0.7201351344696325,0.17596230571447746,56,14,-68,9,22,32,56,64
0.6352056576092278,0.05006751706850443,0.585761124844211,94,16,23,94,9,3,55,20
0.6004504101002419,0.7448641603661978,0.08206970800420132,66,5,-30,90,4,35,92,2
0.28748767379492046,0.14719295903320173,0.7109535191900731,-15,34,-81,3,2,37,18,29
0.9519823829277988,0.7227080769757348,0.8054780571292909,-30,70,-87,12,57,93,12,90
0.362411657493365,0.5733277638686601,0.5074700928298133,-2,12,-32,24,71,20,91,36
0.4586959995867932,0.5327176125688259,0.8222195145955246,26,20,35,47,86,42,76,2
0.6069300888594785,0.8589763337806422,0.8281331296125286,81,45,-36,31,64,48,65,61
0.14341610106585212,0.2591536971155577,0.4985837370208639,99,72,-81,96,56,0,9,79
0.3168433164886477,0.231940236422427,0.8234026467057953,37,31,-18,56,25,90,33,45
0.784692510063387,0.9191849597861724,0.5410274695435813,-15,53,-30,30,56,54,52,22
0.5399104776282873,0.16757646032477114,0.5869442931112105,-21,71,19,45,85,66,19,35
0.08426762227128659,0.8370955850105462,0.682644670937265,25,68,4,93,37,36,67,95
0.6947550660268276,0.15443906195252988,0.16900822345935773,33,61,-48,26,72,64,28,65
0.8878508295373837,0.2857252138825249,0.4143304558427714,-22,16,17,44,91,40,39,43
0.3166085550357568,0.551585393544881,0.23125261565347222,-12,91,-51,39,30,52,35,35
0.050152473253948227,0.3871003074226992,0.62201495265059,57,73,12,76,48,85,4,12
0.012819815043681126,0.9143106010387244,0.16078120547996033,-18,94,-29,37,33,28,61,14
0.0896999424319419,0.09258747239866039,0.2016208965880515,51,99,-20,86,77,45,9,83
0.262531354264954,0.46236979062685746,0.5215058991482002,54,0,-32,32,72,21,46,1
0.691890457866494,0.9202411411542326,0.41901945113498273,62,85,-55,100,87,83,82,92
0.5534711894215192,0.6770875837945768,0.875743548240645,36,58,-88,95,26,94,98,3
0.6234469561802422,0.3076353139643714,0.3993671238517741,13,33,-17,27,2,57,55,44
0.5562491626099031,0.3957907087847402,0.6503487079492826,-35,64,-95,56,73,56,9,59
0.25071494348557766,0.6705760885628154,0.03344461538986332,74,82,29,34,41,5,32,18
0.8956899161963364,0.27030844699232726,0.8371555704390788,79,7,-35,86,51,98,35,65
0.015323086155709098,0.422898069289142,0.23333742164304305,36,18,2,1,68,72,64,32
0.9157895086567341,0.8660541541608837,0.8323336205820042,-5,46,44,65,33,82,24,73
0.8907781967204247,0.18337393341636632,0.5067344223811237,32,41,-7,35,20,55,73,62
0.9385639305273465,0.2236561829982474,0.3836953139619198,48,19,36,71,56,7,2,18
0.37622191002912464,0.2568625369471814,0.9328303504844253,78,22,-36,32,27,59,62,94
0.21770514211934133,0.7240225330351322,0.15339277649850047,59,76,32,1,31,97,35,28
0.05525420651692037,0.8249539455796757,0.18007034361125585,64,83,-25,65,60,17,55,35
0.9151641251652616,0.20904932805031173,0.8377777364254201,25,27,23,3,29,26,63,25
0.5339324981516065,0.9462864945589675,0.24614027620745105,13,51,-85,61,78,14,45,91
0.38794166964785415,0.8079773805398635,0.19823728995880985,48,25,29,37,33,26,90,25
0.869513182645569,0.15901265041594204,0.6115327065829242,-15,69,-58,54,7,49,61,79
0.8587721024228091,0.5034294822473394,0.5578099936981344,83,32,-92,37,9,5,99,83
0.2136228111640459,0.7274181737614535,0.7672975536029509,39,77,-45,19,90,3,33,39
0.14214978243867282,0.5020815889981506,0.3460201639249505,58,35,44,29,10,73,74,9
0.8770324401008447,0.45536062086623474,0.5844344803553903,78,98,-66,96,94,0,53,48
0.9573540742434499,0.36455025093015614,0.008603980466400873,-1,95,13,83,43,16,20,80
0.9316698487146676,0.001297877197108055,0.8362900064305289,14,17,38,76,86,92,5,54
0.5637700627486557,0.33165422723806226,0.7000749879458323,78,46,-86,99,91,81,8,38
0.006226969122932302,0.9668400995178335,0.24500460375189448,84,24,-25,15,65,3,92,20
0.19911811081707864,0.8340797836874079,0.7136194482790176,-35,80,2,47,65,12,71,18
0.7576340210783826,0.33980240737368816,0.5097614483146397,-15,13,14,54,46,90,37,95
0.29146219989160127,0.12425061031111373,0.7545143405144958,83,49,8,89,73,62,77,41
0.9500899896334472,0.931085405485595,0.6190669978526782,-7,99,-20,0,98,7,65,80
0.21386577481520486,0.9681930481202999,0.901633255959445,-25,1,-42,61,77,85,29,5
0.494298829746073,0.7736120117599389,0.8785653970561835,-4,22,15,75,94,17,80,16
0.6834761463012332,0.32425501387825817,0.027786723563730797,27,75,-9,56,89,18,63,45
0.790716035441253,0.33144836551852963,0.2855964298437127,-35,57,-11,34,34,4,98,90
0.2855879622440286,0.5905689024581091,0.6601708246652377,59,86,-36,49,4,35,31,52
0.7224235192755725,0.04598102763388556,0.7113364242549433,-21,25,-19,48,73,80,11,44
0.47591659972008693,0.7378188941576904,0.876208818811108,38,60,-46,86,64,60,80,45
0.031487142761063125,0.725062020190322,0.07202145977421137,24,100,-28,82,27,11,50,78
0.6194706945056286,0.7497552143518509,0.13701861266694615,-18,46,23,84,88,54,80,84
0.6461193703996478,0.20995504317757208,0.5158298980330883,7,5,-37,38,29,14,20,12
0.47838396897781277,0.33330498179223933,0.098867758662736,-3,67,-78,70,5,5,99,10
0.1638795813901105,0.06108951949897545,0.2425878018099945,10,63,34,29,18,25,80,5
0.05020902179885112,0.42919181112745486,0.8378127163121676,69,47,-83,36,37,51,92,87
0.13963398730015775,0.23350871799802464,0.1433701693144197,99,50,4,43,8,12,2,94
0.8712025037721454,0.15050276643832994,0.1396369007622713,42,77,-18,35,32,34,18,0
0.19841276880938608,0.49617899270718546,0.8313924667815488,91,46,40,0,74,33,11,28
0.659163999188018,0.5451011829046217,0.35036671786713003,9,13,-79,6,86,50,74,36
0.9859377884335075,0.11098503528674386,0.9432294649813117,-2,94,-25,14,8,21,80,15
0.3418398786330462,0.7931168039407885,0.2626245873960984,61,86,13,92,13,33,72,15
0.6897178886745905,0.951871859734999,0.3818823639366761,2,67,19,92,100,24,68,44
0.18759479946412794,0.1503365316589469,0.6190555936949375,-31,58,-64,48,92,9,78,69
0.4755520390066543,0.09253322168017275,0.052782620817857895,0,16,-94,96,98,21,63,80
0.20604940105530378,0.31157412412854435,0.997174519653384,86,96,-93,20,15,9,26,95
0.3621613771270912,0.32895063441576977,0.14724879226826837,51,68,18,64,54,14,25,14
0.9428998394918263,0.6796822587675883,0.4348855578310956,48,34,26,48,32,20,8,54
0.29125424628227237,0.27300131418197415,0.6278939109214502,43,2,27,79,41,56,21,17
0.6109611690251955,0.936425085729206,0.7490139946978799,84,100,-24,1,46,74,27,18
0.536895248910259,0.2634820321428909,0.1499380364440549,81,69,-48,25,99,1,3,84
0.7467909514941843,0.07127827750126747,0.4124314593499415,-26,48,-71,93,86,88,62,19
0.9173471879625423,0.5724207124002322,0.763126739688001,39,40,25,63,68,24,31,93
0.0044379591916547945,0.47248187140365727,0.16552990849434235,28,34,-21,30,35,40,9,19
0.703951423481162,0.030868250991866852,0.6584656579252418,-4,35,12,63,97,55,45,80
0.40056802555992077,0.33418019568994173,0.5663605574018209,25,23,4,49,79,78,48,3
0.5308510601020024,0.38061559601054906,0.9819162070982017,54,12,-28,73,97,42,60,55
0.16482314235476014,0.8173650463592222,0.8158712858337756,85,0,33,46,57,83,100,40
0.7288976074414815,0.447539016890211,0.849164956071861,51,24,-78,24,56,28,17,20
0.8589132081038472,0.5332660263081519,0.7593683471393535,93,47,-3,63,45,10,8,0
0.6713401963909134,0.14423616450819732,0.5362830135141448,20,78,-39,60,89,37,50,74
0.856428188718956,0.1329768460209415,0.1819340786095346,50,62,-1,9,97,82,12,43
0.39462031230146444,0.6932365373859437,0.19351575646428865,36,17,26,77,73,30,86,13
0.011540177037414612,0.7436452600021071,0.936382031006164,-21,97,-77,37,46,99,60,48
0.39366363679729066,0.1540736930443043,0.35656506849415304,68,66,44,32,58,88,37,11
0.11166385132778223,0.5971714332517244,0.8209649774565206,-8,26,-77,73,81,89,10,5
0.48203704956145965,0.3767465987858737,0.030919437105551006,69,69,-94,21,66,56,16,47
0.9066909002347862,0.019612772781162358,0.36347753980091,-14,75,-22,95,31,58,82,88
0.28514338072067225,0.17746082192089518,0.5401530205993182,100,62,16,17,81,66,25,42
0.08357315842558932,0.2183142228749858,0.294325351877355,41,87,-21,87,9,70,0,97
0.17389491642352506,0.05132505744482396,0.9025462869536259,24,65,2,14,74,100,32,16
0.29132630299399986,0.8940746150305561,0.18479724526314145,23,38,-38,96,25,71,18,68
0.5622190669689938,0.6028440877373771,0.8723889809437104,89,4,-73,86,7,52,91,95
0.07451985394806515,0.22803945597389452,0.036381943953516016,97,22,-31,81,94,79,74,27
0.9693352483374275,0.6357958836742912,0.06486180733734159,64,48,-84,58,39,32,3,96
0.8634983839838829,0.8187578786643681,0.8053930997997045,53,49,0,52,44,61,71,73
0.6682741535916216,0.16999350877076613,0.03391916805440387,-13,44,-38,45,2,45,11,46
0.23739082876654793,0.1431447159120408,0.5719022389432965,62,1,-48,9,67,60,2,92
0.7902593506352817,0.5181104499911809,0.2101232150555774,40,94,-23,65,79,51,11,33
0.012084654495783553,0.7672450144811863,0.016945527078341738,5,59,-11,3,21,67,36,51
0.11178480001580104,0.22664332076510763,0.5642607951425503,-30,77,34,46,59,8,51,10
0.17704863502196122,0.47680613707551656,0.11617592920276032,-35,90,18,70,24,94,44,78
0.4248569776686414,0.08359512280190651,0.9466784005783547,-22,88,12,93,2,83,23,32
0.17805209358358898,0.005974447581596598,0.0007956448554650164,15,74,-40,61,99,44,38,7
0.9377419421544176,0.3837503465124721,0.421912263093862,1,35,-61,17,31,80,38,41
0.01660711148805849,0.39610902255925406,0.08314546503972942,-10,21,-92,32,63,21,45,54
0.6158747489717151,0.32591526735221377,0.6129977156400596,99,61,-79,33,3,31,34,35
0.7078258455042992,0.5787499774097796,0.6403965559161672,65,75,-82,26,59,73,4,35
0.718768822678158,0.0013134785891250056,0.5402288021193553,-26,10,21,28,69,24,67,3
0.7989078622794133,0.7833447634763433,0.3237481006248625,80,47,-24,63,6,54,97,83
0.8315956529022394,0.9105777777719064,0.16576156001807507,93,91,-98,28,74,73,79,64
0.613685962404786,0.5781501517809811,0.6138070976360525,12,67,-19,56,45,60,66,70
0.06143746888881274,0.363215538214103,0.4288864687189631,2,23,-18,57,33,92,9,77
0.024589910848228924,0.3982961176099018,0.27528320797335304,11,79,-44,51,48,13,35,88
0.7062866328020728,0.36696130566561813,0.14630825702868333,-20,90,-16,57,76,52,83,81
0.43663958952800896,0.7561375405683232,0.7640322119208197,2,19,-75,64,16,8,46,85
0.7499012750216114,0.5039566539885203,0.6838127955084743,83,19,3,52,22,38,96,33
0.11077803138703812,0.8119178370754266,0.15422428692661827,95,66,15,30,16,38,96,98
0.858642505718629,0.9894752369684784,0.9623259913038186,6,2,-13,49,73,6,1,36
0.5953487368158196,0.5494026034055237,0.2181675103945604,-28,49,-32,84,7,48,81,7
0.9015217600128318,0.4171770148777607,0.6081342085583106,88,97,20,88,6,8,66,83
0.9222222766344771,0.9787452594522789,0.50196994750551,11,78,-87,27,54,39,93,45
0.7694495502921292,0.5723799927445506,0.3849145813767947,49,87,48,67,96,9,37,70
0.9502728879089687,0.8753216732241104,0.3318538675657844,43,69,46,10,89,46,46,65
0.3355853770307824,0.03330915729312067,0.40647742161849765,58,20,-78,99,33,84,96,55
0.42199631938436677,0.5478781620466362,0.50846398844034,5,86,-93,41,10,75,10,68
0.4343020689979098,0.5953653664774791,0.8158089527912543,44,100,49,59,28,50,45,66
0.3111524336217609,0.5478119789941268,0.5774999340183458,16,83,48,48,43,38,46,69
0.49051389158328573,0.35235588190267075,0.44197693372560254,50,3,-77,96,23,61,30,9
0.549609521319274,0.6101897545924853,0.5815664843959539,14,58,-33,7,33,25,27,67
0.7703921875604559,0.8760626189167525,0.6454509856994399,76,10,3,36,50,2,21,32
0.39869186531694933,0.8618267326101549,0.6479686029249613,9,17,-26,25,44,99,29,53
0.9292327562297751,0.8138825616087855,0.6368406026674515,-21,92,-32,69,50,11,47,37
0.6454857958322919,0.3627930993106404,0.5739690438579457,62,33,21,0,78,49,41,80
0.4227809193778841,0.8056950915341387,0.3416337309214763,-34,1,-77,94,64,3,44,48
0.10156922243797617,0.7207675120547671,0.7578560541085858,83,24,12,90,8,40,51,77
0.07505821596378814,0.5475200352447944,0.8542178173884067,61,100,-83,6,15,26,84,86
0.33256992560655907,0.1715090459553834,0.4967479470054942,88,43,-97,68,82,27,58,63
0.385686591961799,0.1005870993907042,0.8983264638375107,66,65,-19,77,42,83,21,27
0.058488226871800775,0.034580657106151436,0.6170493404893422,60,89,6,42,60,33,76,56
0.4903253844878247,0.2689731150072897,0.46947140854120173,38,44,-45,44,99,97,99,79
0.584049662503551,0.4661334864802985,0.7431050478868664,88,52,-23,54,35,43,38,23
0.7226685762058692,0.17793087864834967,0.7524308868947415,-22,33,-88,72,36,19,74,40
0.8566992366490381,0.20595199363821648,0.7003138887308645,71,79,-36,12,91,52,41,87
0.22995223613185345,0.19361175690269516,0.8906071472315971,-27,55,-93,45,43,32,85,81
0.31299121823787457,0.8174032968950756,0.10821567897378559,-13,8,9,87,11,92,4,34
0.3420003378795573,0.6798477813783513,0.9825060824059283,8,29,-77,71,41,37,8,30
0.5629984155945315,0.3036815029912613,0.06495058274925858,94,35,-26,89,7,8,83,25
0.12881540581034223,0.5849586430951804,0.22855730502119065,51,64,43,58,70,47,72,48
0.4070983568454538,0.8923568999800741,0.83645884353214,55,98,-15,36,27,41,34,5
0.8856432667463301,0.7957731980223899,0.6212563239145007,73,84,-41,87,7,17,65,24
0.03401109701267291,0.585279332449259,0.3784983656437726,37,75,15,5,17,28,34,13
0.5158109660605567,0.019293114252755927,0.5179802149056962,-1,64,26,49,91,17,77,52
0.2874470473283941,0.017803031796108648,0.17363417927507863,6,66,-67,85,9,79,18,72
0.9501643288232409,0.29396167280276386,0.14824052234667906,-21,81,14,4,89,22,24,69
0.01154167358535152,0.10803931339311701,0.5940458171373496,32,55,46,28,41,69,7,9
0.9592960934522563,0.5585795727540241,0.2087682622563879,3,87,-82,72,100,59,40,57
0.7864126851572057,0.9081598563150765,0.5080472928361282,59,20,35,91,88,36,59,70
0.021987508878017814,0.596763309574865,0.919932426041432,95,48,-19,88,84,92,98,7
0.03068174956394898,0.8728114348279608,0.8714967101136891,75,46,43,53,69,43,28,82
0.49979403600111916,0.7150996810209524,0.40535125654924486,55,89,-23,43,68,90,61,86
0.1253896582766746,0.32131052788452985,0.5545691832963661,-16,36,-28,55,60,69,33,45
0.8806257199633412,0.47911758947642435,0.1539619810632331,20,92,-85,31,0,93,48,98
0.7480611363416093,0.9275051691749849,0.5567438792523559,79,77,-63,87,44,51,50,31
0.04940154281050779,0.8785672315345576,0.21294768452241297,1,80,8,77,32,52,5,55
0.8061745223700776,0.1729546847151966,0.10816332506822945,-33,9,-46,47,98,47,55,21
0.8090152834406744,0.07806333522494657,0.8466109565986203,7,79,30,90,38,75,3,43
0.12907630636549983,0.029431943857908927,0.7859468834582074,26,68,-18,32,74,12,79,25
